Fecha,Hora,Categoría,Nombre,Equipamiento,Peso,Series,Reps,RPE,1RM_Est,Pausa,Observaciones
"2025-09-17","19:10","Hombros","Extensores Hombros Maquina","","20","3","12-12-12","","","90","Costoso +"
"2025-09-17","19:20","Espalda","Jalón Dorsal Ancho","","52.5","3","20-20-16","","","90","Final duro"
"2025-09-17","19:30","Espalda","Jalón Dorsal Estrecho","","52.5","3","18-14-14","","","90","Csnsado"
"2025-09-17","19:40","Espalda","Remo Soprte Pecho","","50","3","14-15-15","","","90","Correcto"
"2025-09-17","19:50","Piernas","Extensiones de Cuádriceps","","50","3","15-14-14","","","90","Duro"
"2025-09-17","19:55","Piernas","Pess Piernas Sentado","","65","3","18-18-18","","","90","Correcto"
"2025-09-17","19:55","Piernas","Contracción de Piernas","","35","2","12-12","","","90","Mareo posterior"
"2025-09-17","13:06","Piernas","Abduccion de caderas Contracción","","45","3","18-15-14","","","90","Bien"
"2025-09-17","19:10","Piernas","Abduccion de caderas Contracción","","45","1","22","","","90","Facil"
"2025-09-17","20:10","Piernas","Abduccion de caderas Contracción","","52.5","2","17-14","","","90","Correcto"
"2025-09-17","20:10","Tríceps","Extensiones en Polea","","16.5","3","12-12-12","","","90","Bien"
"2025-09-19","18:28","Espalda","Jalón Dorsal ex","","60","3","14--12-12","","","90","Costó"
"2025-09-19","18:32","Espalda","Jalón Dorsal in","","60","3","14-14--12","","","90","Duro"
"2025-09-19","18:44","Espalda","Remo Pecho","","67.5","3","14-12-12","","","90","Duro"
"2025-09-19","18:54","Tríceps","Extensiones en Polea","","18.5","3","12-12-12","","","90","Duro"
"2025-09-19","18:59","Abdominales","Abdominales Polea Cuerda","","28.5","3","20-20-20","","","90","Correcto"
"2025-09-19","19:08","Glúteos","Hip Thrust","","20","4","15-15-15-15","","","90","Correcto"
"2025-09-19","19:21","Hombros","Press Militar","","20","3","6-6-7","","","90","Duro"
"2025-09-19","19:32","Piernas","Press de piernas srntado","","72.5","3","15-14-14","","","90","Correcto"
"2025-09-19","19:38","Piernas","Extensión Pierna Sentado","","57.5","3","12-12-12","","","90","Costoso"
"2025-09-19","19:44","Tríceps","Extensiones en Polea","","21.5","3","10-10","","","90","Duro"
"2025-09-21","11:09","Espalda","Jalón Dorsal ex","","52.5","3","18-18-17","","","90","Correcto"
"2025-09-21","11:20","Espalda","Jalón Dorsal in","","52.5","3","15-12-12","","","90","Costoso"
"2025-09-21","11:25","Abdominales","Abdominales Polea Cuerda","","36.5","3","14-14-14","","","90","Correcto"
"2025-09-21","11:34","Pecho","Polea sentado","","8.5","4","14-14-14-14","","","90","Costoso"
"2025-09-21","11:47","Espalda","Remo Pecho","","72","3","12-12-12","","","90","Duro"
"2025-09-21","11:57","Hombros","Elevaciones Frontales","","20","3","12-12-12","","","90","Duro"
"2025-09-26","18:16","Abdominales","Abdominales Polea Cuerda","","43.7","4","14-15-15-15","","","90","Bien al final duro, subida de peso"
"2025-09-26","18:47","Pecho","Polea sentado","","8.7","3","12-12-12-12","","","90","Fuerte"
"2025-09-26","19:03","Espalda","Jalón al pecho ex","","60","3","10-10-10","","","90","Duro"
"2025-09-26","19:10","Espalda","Jalón Dorsal in","","60","3","12-12-12","","","90","Fuerte"
"2025-09-26","19:19","Tríceps","Extensiones en Polea","","21.2","3","12-12-8","","","90","Duro"
"2025-09-26","19:26","Pecho","Polea Sentado","","6.5","3","10-12-10","","","90","Duro"
"2025-09-26","19:32","Espalda","Remo Pecho","","72.5","3","12-12","","","90","Duro"
"2025-09-26","19:39","Piernas","Extensión de pierna","","57.5","3","12-12-12","","","90","Fuerte"
"2025-09-28","11:27","Espalda","Jalón Dorsal ex","","60","3","12-12-12","","","90","Fuerte"
"2025-09-28","11:35","Espalda","Jalón Dorsal in","","60","3","12-12-12","","","90","Fuerte"
"2025-09-28","11:45","Espalda","Remo Pecho","","65","3","12-12-12","","","90",""
"2025-09-28","11:50","Pecho","Polea Sentado Pecho","","8.7","3","12-12-12-10","","","90","Fuerte"
"2025-09-28","11:59","Abdominales","Polea","","43.7","3","12-12-12","","","90","Fuerte"
"2025-09-28","12:09","Tríceps","Polea mango dis manos","","23.7","3","12-12-12","","","90","Fuerte"
"2025-09-28","12:15","Piernas","Extensión de piernas sentado","","57.5","3","12-12-12","","","90","Fuerte"
"2025-09-28","12:20","Piernas","Contracción de piernas tumbado","","35","3","12-12","","","90","Correcto"
"2025-09-29","19:04","Espalda","Jalón Dorsal ex","","60","3","12-12-12","","","90","Fuerte"
"2025-09-29","19:11","Espalda","Jalón Dorsal in","","60","3","12-12-12","","","90","Fuerte"
"2025-09-29","19:17","Pecho","Polea Sentado Pecho","","8.7","3","12-12-12","","","90","Correcto"
"2025-09-29","19:24","Tríceps","Polea Mango Dos Manos","","23.7","3","12-12-12","","","90","Fuerte"
"2025-09-29","19:32","Espalda","Remo Pecho","","65","3","12-12","","","90","Fuerte"
"2025-09-29","19:36","Espalda","Remo Pecho","","65","3","14-14-14","","","90","Fuerte"
"2025-10-01","18:46","Tríceps","Polea mango dis manos","","26.2","3","12-12-12","","","90","Fuerte"
"2025-10-01","18:51","Tríceps","Polea mango dis manos cabeza","","21.2","3","10-10-10","","","90","Duro"
"2025-10-01","18:55","Pecho","Polea Sentado Pecho","","8.7","3","20-16-14","","","90","Correcto"
"2025-10-01","19:07","Piernas","Extensión de piernas sentado","","57.5","3","12-12-12","","","90","Normal"
"2025-10-01","19:13","Espalda","Jalón Dorsal ex","","67.5","3","12-12-9","","","120","Duro"
"2025-10-01","19:23","Espalda","Jalón Dorsal bi","","67.5","1","10","","","90","Duro"
"2025-10-01","19:26","Espalda","Jalón Dorsal in","","67.5","3","10-10-8","","","90","Duro"
"2025-10-01","19:32","Piernas","Press de piernas sentado","","80","3","20-20-20","","","90","Fuerte"
"2025-10-01","19:40","Piernas","Abduccion de caderas in","","60","3","12-12-12","","","90","Duro"
"2025-10-01","19:45","Piernas","Abduccion de caderas ex","","60","3","12-12","","","90","Duro"
"2025-10-03","18:30","Tríceps","Polea mango dos manos","","26.2","3","17-14-12","","","120","Correcto"
"2025-10-03","18:32","Espalda","Remo Pecho","","65","3","17-14-12","","","120","Fuerte"
"2025-10-03","18:41","Espalda","Jalón Dorsal ex","","67.5","1","10","","","1","Duro"
"2025-10-03","18:46","Espalda","Jalón Dorsal ex","","60","3","12-12","","","120","Fuerte"
"2025-10-03","18:59","Pecho","Polea Sentado Pecho","","11.2","4","14-14-12-10","","","120","Fuerte"
"2025-10-03","19:08","Abdominales","Polea mango dos manos","","43.7","3","12-12-12","","","120","Fuerte"
"2025-10-03","19:17","Glúteos","Hip Thrust","","40","3","12-12-12","","","120","Fuerte"
"2025-10-03","19:28","Bíceps","Curl con Mancuernas","","6","3","15-17-20","","","120","Fuerte y lento"
"2025-10-05","11:30","Espalda","Jalón Dorsal ex","","60","3","12-13-12","","","120","Fuerte"
"2025-10-05","11:39","Espalda","Jalón Dorsal in","","60","3","14-12-12","","","120","Fuerte"
"2025-10-05","11:47","Espalda","Remo Pecho","","65","3","12-12-12","","","120","Fuerte "
"2025-10-05","11:56","Piernas","Extensión de piernas sentado","","65","3","14-13-12","","","120","Fuerte"
"2025-10-05","12:05","Piernas","Contracción de piernas tumbado","","35","3","12-12-12","","","120","Correcto"
"2025-10-05","12:11","Pecho","Polea en pie altura 6","","11.2","3","15-14-14","","","120","Fuerte"
"2025-10-05","12:19","Tríceps","Polea mango dos manos","","26.2","4","12-12-14-12","","","120","Fuerte"
"2025-10-06","18:28","Espalda","Remo Pecho","","65","3","18-14-14","","","120","Correcto al fallo"
"2025-10-06","18:37","Glúteos","Sentadilla Rumana en barra ","","1","2","7-7","","","120","Duro"
"2025-10-06","18:50","Espalda","Jalón Dorsal ex","","60","3","15-14--11","","","120","Fuerte"
"2025-10-06","18:59","Espalda","Jalón Dorsal in","","60","3","15-14-11","","","120","Fuerte al fallo"
"2025-10-06","19:06","Pecho","Polea en pie ","","6.2","3","12-12-12","","","120","Fuerte al pecho"
"2025-10-08","18:26","Espalda","Remo Pecho","","65","3","20-15-12","","","120","Correcto"
"2025-10-08","18:33","Espalda","Jalón Dorsal ex","","60","3","15-12-10","","","120","Duro"
"2025-10-08","18:41","Espalda","Jalón Dorsal in","","60","3","14-12-12","","","120","Fuerte"
"2025-10-08","18:48","Tríceps","Polea mango dos manos","","26.2","3","17-14-12","","","120","Fuerte"
"2025-10-08","18:57","Pecho","Polea a dos manos arriba 4h","","8.7","3","17-18-16","","","120","Fuerte"
"2025-10-08","19:06","Pecho","Polea dos manos abajo 15","","8.7","3","12-12-12","","","120","Fuerte"
"2025-10-08","19:12","Abdominales","Polea de rodillas","","26.7","3","15-14-17","","","120","Correcto"
"2025-10-08","19:24","Tríceps","Polea cuerda cabeza","","26.2","3","12-12-12","","","120","Fuerte"
"2025-10-08","19:30","Bíceps","Mancuernas sentado","","8","3","15-1515","","","120","Correcto "
"2025-10-10","18:28","Pecho","Press de Pecho Maquina ","","27.5","4","20-20--15-12","","","120","Correcto"
"2025-10-10","18:42","Espalda","Jalón Dorsal ex","","60","3","15-12-12","","","120","Cirrecto"
"2025-10-10","18:50","Espalda","Jalón Dorsal in","","60","3","15--13-12","","","120","Costoso "
"2025-10-10","18:56","Piernas","Extensión de piernas sentado","","65","3","14-14-13","","","120","Correcto"
"2025-10-10","19:05","Piernas","Press de Piernas Sentado","","80","3","14-14-14","","","120","Duro"
"2025-10-10","19:17","Espalda","Remo Pecho","","65","3","17-14-12","","","120","Correcto "
"2025-10-10","19:24","Hombros","Extensores Hombros Maquina","","20","30","12-13-12","","","120","Fuerte"
"2025-10-10","19:32","Tríceps","Polea mango dos manos","","26.2","3","14-12-12","","","120","Correcto"
"2025-10-12","11:28","Pecho","Press de Pecho Maquina ","","35","3","20-16--14","","","120","Correcto"
"2025-10-12","11:38","Espalda","Jalón Dorsal ex","","60","3","20-14-12","","","120","Fuerte "
"2025-10-12","11:46","Espalda","Jalón Dorsal in","","60","2","14-12","","","120","Fuerte"
"2025-10-12","11:51","Piernas","Press de Piernas Sentado","","65","3","15-17-17","","","120","Fuerte"
"2025-10-12","12:00","Piernas","Extensión de Piernas Sentado","","65","3","14-12--12","","","120","Fuerte"
"2025-10-12","12:09","Pecho","Polea Sentado Pecho","","8.7","3","20-20-16","","","120","Fuerte "
"2025-10-12","12:18","Hombros","Extensores Hombros Maquina","","27.5","3","10-8-7","","","120","Fuerte"
"2025-10-13","18:33","Tríceps","Polea mango dos manos","","26.2","3","20-14-14","","","120","Fuerte"
"2025-10-13","18:41","Piernas","Contracción de piernas tumbado","","35","3","20-16-14","","","120","Correcto"
"2025-10-13","18:50","Piernas","Extensión de Piernas Sentado","","65","3","18-17-13","","","120","Fuerte"
"2025-10-13","19:03","Espalda","Remo Pecho","","72.5","3","14-14-12","","","120","Fuerte "
"2025-10-13","19:11","Tríceps","Polea cuerda cabeza","","23.7","3","12-12-12","","","120","Fuerte"
"2025-10-13","19:19","Piernas","Abduccion de caderas in","","60","3","16-15-12","","","120","Duro"
"2025-10-13","19:25","Piernas","Abduccion de caderas ex","","60","3","16-14-12","","","120","Fuerte"
"2025-10-13","19:35","Bíceps","Mancuernas sentado","","10","3","15-14-12","","","120","Correcto"
"2025-10-14","18:34","Hombros","Extensores Hombros Maquina","","27.5","3","12-12-9","","","120","Duro "
"2025-10-14","18:45","Pecho","Press de Pecho Maquina ","","37.2","3","14--12-12","","","120","Fuerte"
"2025-10-14","18:55","Espalda","Jalón Dorsal ex","","67.5","3","14-12-11","","","120","Duro"
"2025-10-14","19:06","Espalda","Jalón Dorsal in","","67.5","3","14-11-11","","","120","Duro"
"2025-10-14","19:18","Espalda","Remo Pecho","","72.5","3","14--12-10","","","120","Duro"
"2025-10-14","19:34","Piernas","Press de Piernas Sentado","","70","4","20-20-22-20","","","120","Fuerte"
"2025-10-14","19:42","Piernas","Extensión de Piernas Sentado","","70","2","12-12","","","120","Fuerte"
"2025-10-14","19:54","Abdominales","Polea de rodillas","","28.7","4","20-20-20-25","","","120","Correcto"
"2025-10-15","19:03","Tríceps","Polea mango dos manos","","26.2","3","22-16-14","","","120","Fuerte"
"2025-10-15","19:12","Pecho","Polea dos manos de Pie","","8.7","3","20-20-19","","","120","Fuerte"
"2025-10-15","19:20","Espalda","Remo Gironda","","60","3","17-16-12","","","120","Fuerte"
"2025-10-15","19:30","Piernas","Extensión de Piernas Sentado","","70","2","14-13-12","","","120","Fuerte"
"2025-10-15","19:39","Hombros","Extensores Hombros Maquina","","27.5","3","12-10-7","","","120","Duro "
"2025-10-15","19:45","Bíceps","Mancuernas de Pie","","12","1","15-","","","120","Correcto"
"2025-10-15","19:50","Bíceps","Mancuernas Sentado","","12","2","12-12","","","120","Correcto"
"2025-10-16","18:37","Espalda","Remo Pecho","","72.5","3","17-14-14","","","120","Fuerte "
"2025-10-16","18:48","Espalda","Jalón Dorsal ex","","67.5","3","14-12-10","","","120","Duro"
"2025-10-16","18:55","Espalda","Jalón Dorsal in","","67.5","3","14-12-10","","","120","Duro"
"2025-10-16","19:07","Piernas","Contracción de piernas tumbado","","37.5","3","18-16-14","","","120","Fuerte"
"2025-10-16","19:23","Abdominales","Polea de rodillas","","31.2","4","22-25-25-25","","","120","Correcto"
"2025-10-16","19:37","Piernas","Press de Piernas Sentado","","72.5","4","20-20-20-24","","","120","Fuerte"
"2025-10-16","19:43","Piernas","Abduccion de caderas in m5","","60","3","12-10-7","","","120","Duro"
"2025-10-16","19:47","Piernas","Abduccion de caderas ex","","60","3","12-12-14","","","120","Fuerte"
"2025-10-16","19:56","Bíceps","Mancuernas Sentado","","8","3","15-15-15","","","120","Correcto"
"2025-10-16","20:02","Hombros","Elevaciones Laterales","","8","3","12-12-10","","","120","Correcto "
"2025-10-17","18:33","Pecho","Press de Pecho Maquina ","","37.2","3","14--16-16","","","120","Fuerte"
"2025-10-17","18:45","Hombros","Extensores Hombros Maquina","","27.5","3","12-10-10","","","120","Duro "
"2025-10-17","18:50","Tríceps","Polea mango dos manos","","26.2","1","14","","","120","Fuerte, antes hice press de Pecho en Maquina que trabaja triceps"
"2025-10-19","11:21","Pecho","Press Banca Mancuernas  - agarre neutro","","8","4","25-28-26-24","","","120","Correcto"
"2025-10-19","11:34","Espalda","Remo Pecho","","72.5","3","16-15-14","","","120","Fuerte "
"2025-10-19","11:46","Pecho","Press Banca Mancuernas  - inclinado","","8","3","25-20-15","","","120","Fuerte"
"2025-10-19","11:58","Hombros","Face Pulls Polea Cuerda","","23.7","3","20-20-20","","","120","Fuerte"
"2025-10-19","12:08","Espalda","Jalón Dorsal ex","","67.5","3","15-13-11","","","120","Duro"
"2025-10-19","12:14","Hombros","Elevaciones Laterales","","8","3","12-12-12","","","120","Fuerte"
"2025-10-19","12:22","Tríceps","Polea mango dos manos","","26.2","3","12-12-12","","","120","Fuerte"
"2025-10-19","12:23","Bíceps","Curl con Mancuernas","","8","3","12-12-12","","","120","Correcto"
"2025-10-20","18:53","Piernas","Sentadilla Bulgara","","1","4","10-12-12-12","","","120","Duro"
"2025-10-20","19:11","Piernas","Press de Piernas Sentado","","72.5","3","25-20-20","","","120","Fuerte"
"2025-10-20","19:18","Abdominales","Pulloff Press","","11.2","3","12-12-12","","","120","Fuerte"
"2025-10-20","19:32","Piernas","Contracción de piernas tumbado","","40","3","14-12-10","","","120","Fuerte"
"2025-10-20","19:39","Piernas","Extensión de Piernas Sentado","","70","2","12-12-12","","","120","Duro"
"2025-10-22","18:31","Hombros","Press Hombros Mancuernas Sentado","","8","3","12-12-12","","","120","Fuerte"
"2025-10-22","18:44","Espalda","Remo Pecho","","72.5","3","18-15-14","","","180","Fuerte "
"2025-10-22","18:56","Espalda","Jalón Dorsal ex","","67.5","3","14-12-10","","","120","Duro"
"2025-10-22","19:08","Pecho","Press de Pecho Maquina ","","37.2","3","16-15-14","","","120","Fuerte"
"2025-10-22","19:14","Hombros","Elevaciones Laterales","","8","3","12-12-10","","","120","Fuerte"
"2025-10-22","19:24","Hombros","Face Pulls Polea Cuerda","","23.7","3","20-20-25","","","120","Fuerte"
"2025-10-22","19:35","Bíceps","Curl con Mancuernas","","10","3","12-12-12","","","120","Correcto"
"2025-10-22","19:42","Tríceps","Polea Mango Dos Manos Cabeza","","23.7","2","12-12","","","120","Duro"
"2025-10-23","18:51","Glúteos","Hip Thrust","","40","4","16-20-20-20","","","120","Fuerte"
"2025-10-23","19:07","Glúteos","Peso Muerto Rumano","Barra","24","4","12-16-16-16","","34","120","Correcto"
"2025-10-23","19:20","Glúteos","Pull Throug ","","26.2","3","20-20-2","","","120","Correcto"
"2025-10-23","19:33","Piernas","Extensión de Piernas Sentado","","70","3","14-14-14","","","120","Fuerte"
"2025-10-23","19:44","Piernas","Contracción de piernas tumbado","","40","3","14-14-12","","","120","Fuerte"
"2025-10-23","19:51","Abdominales","Plancha","","0","3","3","","","30","Correcto"
"2025-10-24","18:38","Hombros","Face Pulls Polea Cuerda","","26.2","3","25-22-20-17","","","120","Fuerte"
"2025-10-24","18:50","Abdominales","Polea de rodillas","","33.7","4","20-20-20-20","","","120","Correcto"
"2025-10-24","18:59","Tríceps","Polea Mango Dos Manos Cabeza","","23.7","2","25-20-15","","","160","Correcto"
"2025-10-24","19:11","Bíceps","Curl con Mancuernas","","10","3","12-14--14","","","120","Correcto"
"2025-10-24","19:18","Piernas","Sentadillas","","0","2","10-10","","","160","Correcto"
"2025-10-24","19:29","Piernas","Sentadilla Bulgara con Peso","","8","2","10-10","","","160","Correcto"
"2025-10-24","19:38","Espalda","Pull Over Polea","","21.2","3","20-20-20","","","160","Correcto"
"2025-10-26","11:10","Pecho","Press de Pecho Maquina ","","37.5","4","18-17-15-14","","","180","Fuerte"
"2025-10-26","11:25","Pecho","Press Inclinado","","20","3","8-10-10","","","180","Duro"
"2025-10-26","11:36","Hombros","Extensores Hombros Maquina","","27.5","3","10-10-9","","","180","Duro "
"2025-10-26","11:49","Pecho","Polea dos manos de Pie","","8.7","3","20-25-25","","","180","Fuerte"
"2025-10-26","11:56","Hombros","Elevaciones Laterales","","3.7","2","12-12","","","180","Fuerte"
"2025-10-26","12:06","Hombros","Face Pulls Polea Cuerda","","28.7","3","20-20-20","","","180","Fuerte"
"2025-10-26","12:11","Tríceps","Polea Mango Dos Manos Cabeza Media altura","","21.2","2","12-12","","","160","Correcto"
"2025-10-26","12:13","Tríceps","Polea mango dos manos","","26.2","2","12-12","","","120","Fuerte"
"2025-10-27","18:27","Espalda","Remo Pecho","","75","3","15-14-12","","","180","Ejercicios de aproximación- Fuerte"
"2025-10-27","18:36","Espalda","Jalón Dorsal ex","","67.5","3","12-12-10","","","180","Duro"
"2025-10-27","18:48","Espalda","Pull Over Polea","","21.2","3","20-24-22","","","180","Correcto"
"2025-10-27","19:00","Espalda","Remo Pecho Unilateral","","50","3","12-12-12","","","180","Fuerte "
"2025-10-27","19:10","Hombros","Pec deck inverso Polea","","6.2","3","10-10-10","","","180","Duro"
"2025-10-27","19:21","Bíceps","Curl con Mancuernas","","10","3","12-12-12","","","120","Correcto"
"2025-10-27","19:31","Bíceps","Curl martillo en  polea con cuerda","","13.7","3","18-20-20","","","120","Fuerte"
"2025-10-27","19:39","Piernas","Sentadillas","","10","2","10","","","120","Fuerte"
"2025-10-28","18:46","Piernas","Sentadillas","","12","4","15-15-15-20","","","180","Correcto "
"2025-10-28","19:02","Piernas","Prensa de Piernas","","70","4","15-17-17-22","","","180","Correcto"
"2025-10-28","19:12","Piernas","Extensión de Piernas Sentado","","72.5","3","12-12-12","","","180","Fuerte"
"2025-10-28","19:23","Piernas","Contracción de piernas tumbado","","40","3","14-14-14","","","180","Furte"
"2025-10-28","19:35","Glúteos","Hip Thrust","","50","3","12-12-12","","","180","Fuerte"
"2025-10-29","18:43","Espalda","Jalón al Pecho","","67.5","4","14-14-14-12","","","180","Correcto, ejerc. aproximación y uno superior"
"2025-10-29","18:59","Espalda","Remo Pecho","","80","3","13-12-12","","","180","Duro"
"2025-10-29","19:14","Hombros","Rotación externa en polea unilateral ambas","","6.2","3","12-12-12","","","120","Correcto"
"2025-10-29","19:24","Hombros","Elevaciones Laterales","","3.7","3","12-12-12","","","100","Fuerte"
"2025-10-29","19:33","Tríceps","Polea Mango Dos Manos Cabeza Media altura","","21.2","3","15-12-12","","","180","Correcto"
"2025-10-29","19:46","Pecho","Press Inclinado","","20","3","10-10-10","","","180","Fuerte"
"2025-10-30","18:51","Glúteos","Hip Thrust","","50","4","14-14-14-16","","","180","Fuerte"
"2025-10-30","19:04","Glúteos","Peso Muerto Rumano","Barra","24","4","16-16-16-16","","37","160","Correcto"
"2025-10-30","19:13","Piernas","Abduccion de caderas in m4","","60","3","15-14-14","","","120","Correcto"
"2025-10-30","19:21","Piernas","Abduccion de caderas ex","","60","3","14-14-14","","","120","Fuerte"
"2025-10-30","19:30","Piernas","Contracción de piernas tumbado","","40","3","14-14-10","","","160","Furte"
"2025-10-30","19:38","Piernas","Extensión de Piernas Sentado","","72.5","3","12-12-12","","","120","Fuerte"
"2025-10-30","19:48","Piernas","Sentadilla Bulgara con Peso","","14","2","10-10","","","160","Correcto, 2 mancuernas de 7k"
"2025-10-31","18:48","Cardio","Bicicleta","","10","6.8","5","","","120","Duro"
"2025-10-31","19:08","Cardio","Correr","","10","11.36","4","","","120","Fuerte"
"2025-10-31","19:21","Abdominales","Pallof Press","","11.2","3","12-12-12","","","120","Fuerte"
"2025-10-31","19:36","Abdominales","Polea de rodillas","","33.7","4","30-30-30","","","120","Correcto"
"2025-11-02","10:51","Pecho","Press Inclinado","","25","3","10-10-10","","","180","Fuerte"
"2025-11-02","11:05","Pecho","Press de Pecho Maquina ","","40","3","12-14-13","","","180","Fuerte"
"2025-11-02","11:16","Pecho","Polea dos manos de Pie","","8.7","3","16-20-20","","","180","Fuerte"
"2025-11-02","11:26","Hombros","Elevaciones Laterales","","3.7","3","12-12-12","","","100","Fuerte"
"2025-11-02","11:39","Hombros","Extensores Hombros Maquina","","27.5","3","12-11-9","","","180","Duro "
"2025-11-02","11:47","Pecho","Press Unilaterales Polea Arriba","","8.7","3","12-12-12","","","100","Correcto "
"2025-11-03","18:32","Espalda","Jalón al Pecho","","75","3","10-10-9","","","180","Duro"
"2025-11-03","18:44","Espalda","Remo Pecho","","80","3","14-12-11","","","180","Duro"
"2025-11-03","18:56","Espalda","Remo Pecho Unilateral","","65","3","12-12-12","","","180","Correcto"
"2025-11-03","19:05","Espalda","Pull Over Polea","","26.2","3","12-12-12","","","180","Correcto"
"2025-11-03","19:15","Hombros","Pec deck inverso Polea","","6.2","3","10-10-10","","","180","Duro"
"2025-11-03","19:24","Bíceps","Curl martillo en  polea con cuerda","","18.7","3","10-10-10","","","180","Correcto "
"2025-11-03","19:34","Hombros","Face Pulls Polea Cuerda","","31.2","3","10-12-14","","","180","Fuerte"
"2025-11-04","18:51","Piernas","Belt Squat Polea (Sentadilla Cinturón)","","23.7","4","12-14--12-12","","","180","Fuerte"
"2025-11-04","19:08","Piernas","Prensa de Piernas","","80","4","15-12-16-20","","","180","Correcto"
"2025-11-04","19:30","Piernas","Sentadilla Bulgara con Peso","","14","3","10-10-10","","","160","Correcto, 2 mancuernas de 7k"
"2025-11-04","19:41","Piernas","Extensión de Piernas Sentado","","72.5","3","12-12-12","","","120","Duro"
"2025-11-04","19:48","Piernas","Contracción de piernas tumbado","","40","3","12-12-12","","","160","Furte"
"2025-11-05","18:49","Espalda","Jalón al Pecho","","82.5","4","12-12-12-10","","","180","Correcto"
"2025-11-05","19:06","Tríceps","Polea Mango Dos Manos Cabeza Media altura","","23.7","4","14-12-14-14","","","180","Correcto"
"2025-11-05","19:19","Pecho","Press Inclinado","","25","3","10-10-9","","","180","Fuerte"
"2025-11-05","19:23","Hombros","Extensores Hombros Maquina","","27.5","1","9","","","180","Duro "
"2025-11-05","19:35","Hombros","Rotación externa en polea unilateral ambas","","6.2","3","14-14-14","","","120","Correcto"
"2025-11-05","19:41","Hombros","Elevaciones Laterales","","3.7","3","12-12-12","","","100","Fuerte"
"2025-11-05","19:46","Espalda","Remo Pecho","","80","3","12-10","","","180","Duro"
"2025-11-06","18:40","Glúteos","Hip Thrust","","60","4","16-16-15-16","","","180","Fuerte"
"2025-11-06","19:00","Glúteos","Peso Muerto Rumano","Barra","28","4","14-16-16-16","","41","160","Correcto"
"2025-11-06","19:10","Glúteos","Hiperextensiones Gluteo 45° Maquina ","","0","2","12-12","","","120","0 y M medidas"
"2025-11-06","19:18","Piernas","Abduccion de caderas in m4","","60","3","15-14-14","","","120","Fuerte con suplemento "
"2025-11-06","19:24","Piernas","Abduccion de caderas ex","","60","3","12-14-12","","","120","Fuerte con suplemento"
"2025-11-07","18:47","Espalda","Estirar Hacia Abajo Maquina","","72.5","3","14-14-12","","","180","Duro"
"2025-11-07","18:58","Espalda","Pull Over Polea","","26.7","3","14-14-14","","","180","Correcto"
"2025-11-07","19:10","Pecho","Press Unilaterales Polea Arriba","","11.2","3","14-14-14","","","180","Correcto "
"2025-11-07","19:23","Abdominales","Polea de rodillas","","36.2","4","26-30-30","","","120","Correcto"
"2025-11-07","19:35","Bíceps","Curl en Predicador","","10","3","12-14-10","","","120","Correcto "
"2025-11-09","11:18","Pecho","Press de Pecho Maquina ","","40","3","14-14-15","","","180","Fuerte"
"2025-11-09","11:31","Pecho","Press Inclinado Smith ","","25","3","11-10-10","","","180","Fuerte"
"2025-11-09","11:51","Pecho","Press Unilaterales Polea Arriba","","11.2","3","14-14-16","","","120","Correcto "
"2025-11-09","12:02","Hombros","Face Pulls Polea Cuerda","","33.7","3","14-16-18","","","180","Fuerte"
"2025-11-09","12:15","Espalda","Pull Over Polea","","27.2","3","16-16-14","","","180","Duro"
"2025-11-09","12:31","Hombros","Elevaciones Laterales Mancuernas ","","12","3","11-10-10","","","120","Fuerte"
"2025-11-09","19:35","Otro","Dominadas","","97","1","2","","","60","Duro y difícil "
"2025-11-10","18:32","Espalda","Estirar Hacia Abajo Maquina","","71.5","3","12-11-10","","","180","Fuerte"
"2025-11-10","18:43","Espalda","Remo Pecho","","80","3","10-10-10","","","180","Duro"
"2025-11-10","18:55","Espalda","Pull Over Polea","","27.2","3","15-14-14","","","180","Duro"
"2025-11-10","19:04","Pecho","Press Unilaterales Polea Arriba","","11.2","3","14-16-16","","","120","Correcto "
"2025-11-10","19:16","Bíceps","Curl martillo en  polea con cuerda","","21.2","3","16-16-14","","","180","Correcto "
"2025-11-10","19:26","Tríceps","Polea Mango Dos Manos Cabeza Media altura","","23.7","3","14--12-12","","","180","Correcto"
"2025-11-10","19:37","Bíceps","Curl Bíceps Polea ","","23.7","3","10-12-12","","","180","Correcto "
"2025-11-12","18:37","Glúteos","Hip Thrust","","70","4","14-14-14-14","","","180","Fuerte"
"2025-11-12","18:54","Piernas","Belt Squat Polea (Sentadilla Cinturón)","","23.7","4","14-14-14-13","","","180","Fuerte"
"2025-11-12","19:08","Piernas","Peso Muerto Rumano","Barra","28","3","14-14-14","","41","160","Dos pesas de 14"
"2025-11-12","19:19","Piernas","Prensa de Piernas","","90","3","14-14-14","","","180","Correcto"
"2025-11-12","19:28","Piernas","Extensión de Piernas Sentado","","72.5","3","12-12-11","","","120","Duro"
"2025-11-12","19:40","Piernas","Sentadilla Bulgara con Peso","","14","2","10-10","","","160","Correcto, 2 mancuernas de 7k"
"2025-11-13","18:46","Espalda","Remo Pecho","","80","3","14-12-14","","","180","Duro"
"2025-11-13","18:57","Hombros","Elevaciones Laterales Mancuernas ","","12","3","9-9-8","","","120","Duro"
"2025-11-13","19:09","Pecho","Press Inclinado Smith ","","30","3","9-10-10","","","180","Duro "
"2025-11-13","19:20","Espalda","Jalón Dorsal Polea supino ","","49.7","3","20-20-20","","","180","Fuerte"
"2025-11-13","19:29","Tríceps","Polea Mango Dos Manos Cabeza Media altura","","23.7","3","12-12-11","","","180","Correcto"
"2025-11-13","19:38","Pecho","Press Unilaterales Polea Altura Hombros","","11.2","3","14-18-20","","","120","Correcto "
"2025-11-14","18:41","Espalda","Jalón Dorsal ex","","82.5","3","10-10","","","180","Duro"
"2025-11-14","18:48","Espalda","Jalón Dorsal in","","82.5","3","10-10","","","180","Duro"
"2025-11-14","19:08","Glúteos","Hip Thrust","","80","4","14-14-14-14","","","180","Fuerte"
"2025-11-14","19:20","Hombros","Face Pulls Polea Cuerda","","34.7","3","14-14-14","","","180","Fuerte"
"2025-11-14","19:29","Bíceps","Curl Bíceps Polea ","","23.7","3","12-12-12","","","180","Correcto "
"2025-11-14","19:37","Abdominales","Polea de rodillas","","36.2","4","25-25-25","","","120","Correcto"
"2025-11-16","11:13","Pecho","Press de Pecho Maquina ","","40","3","16-16-14","","","180","Fuerte"
"2025-11-16","11:29","Pecho","Press Inclinado Smith ","","30","3","10-10-10","","","180","Duro "
"2025-11-16","11:42","Hombros","Extensores Hombros Maquina","","27.5","3","12-10-8","","","180","Duro "
"2025-11-16","11:52","Hombros","Face Pulls Polea Cuerda","","36.2","3","14-14-14","","","180","Fuerte"
"2025-11-16","12:03","Pecho","Press Unilaterales Polea Altura Hombros","","13.7","3","14-14-14","","","120","Correcto "
"2025-11-16","12:11","Espalda","Pull Over Polea","","28.7","3","14-14-14","","","180","Duro"
"2025-11-17","18:47","Espalda","Jalón Dorsal ex","","82.5","3","10-11-10","","","180","Duro"
"2025-11-17","18:54","Espalda","Jalón Dorsal in","","82.5","3","10-8","","","180","Duro"
"2025-11-17","19:07","Espalda","Remo Pecho","","80","3","15-14-14","","","180","Duro"
"2025-11-17","19:17","Bíceps","Curl Bíceps Polea ","","23.7","3","14-14-12","","","180","Correcto "
"2025-11-17","19:31","Hombros","Pec deck inverso Polea","","6.2","3","14-12-19","","","120","Duro"
"2025-11-17","19:38","Espalda","Pull Over Polea","","28.7","3","14-112--","","","180","Duro- rectifica Laura"
"2025-11-17","19:43","Espalda","Remo Pecho Unilateral","","65","3","10-10","","","120","Correcto"
"2025-11-18","18:52","Piernas","Belt Squat Polea (Sentadilla Cinturón)","","23.7","4","14-14-14-14","","","120","Fuerte"
"2025-11-18","19:02","Piernas","Extensión de Piernas Sentado","","72.5","3","12-12-12","","","120","Duro"
"2025-11-18","19:22","Piernas","Sentadilla Bulgara con Peso","","14","3","10-10-10","","","120","Correcto, 2 mancuernas de 7k"
"2025-11-18","19:38","Piernas","Prensa de Piernas","","100","3","12-14-14","","","120","Correcto"
"2025-11-18","19:47","Piernas","Contracción de piernas tumbado","","40","3","12-12-12","","","160","Correcto"
"2025-11-19","18:52","Pecho","Press Inclinado Smith ","","30","4","11-11-11-8","","","180","Fuerte"
"2025-11-19","19:04","Espalda","Remo Pecho","","80","3","14-13-12","","","120","Duro, poco descanso"
"2025-11-19","19:14","Tríceps","Polea Mango Dos Manos Cabeza Media altura","","21.2","3","14-14-12","","","120","Correcto"
"2025-11-19","19:29","Espalda","Jalón Dorsal in","","82.5","3","12-10-8","","","120","Duro"
"2025-11-19","19:41","Hombros","Elevaciones Laterales Mancuernas  de pie","","10","3","8-10-10","","","120","Duro"
"2025-11-19","20:36","Hombros","Pec deck inverso Polea","","8.7","3","14-14","","","120","Duro"
"2025-11-21","18:52","Glúteos","Hip Thrust","","90","4","14-12-14-14","","","180","Fuerte"
"2025-11-21","19:05","Piernas","Peso Muerto Rumano","Barra","28","3","14-14-14","","41","120","Dos pesas de 14"
"2025-11-21","19:14","Piernas","Contracción de piernas tumbado","","42.5","3","12-12-12","","","120","Fuerte"
"2025-11-21","19:24","Piernas","Abduccion de caderas in-ex","","60","3","14-14-14","","","120","Fuerte con suplemento"
"2025-11-21","19:32","Piernas","Abduccion de caderas ex-in","","60","3","14-16-16","","","120","Fuerte"
"2025-11-21","19:43","Hombros","Rotación Externa Unilaterales ","","6.2","3","12-12-12","","","120","Fuerte"
"2025-11-21","19:55","Espalda","Pull Over Polea","","26.2","3","12-14-14","","","120","Duro- rectifica Laura"
"2025-11-23","11:13","Pecho","Press de Pecho Maquina ","","40","3","16-17-14","","","120","Fuerte, dolor hombro derecho "
"2025-11-23","11:32","Pecho","Press Inclinado Smith ","","30","4","10-10-11-10","","","180","Fuerte"
"2025-11-23","11:50","Hombros","Extensores Hombros Maquina","","27.5","3","12-10-10","","","120","Duro "
"2025-11-23","12:01","Pecho","Press Polea Altura Hombros","","13.7","3","12-12-12","","","120","Correcto "
"2025-11-23","12:08","Pecho","Press Polea Altura Máxima ","","8.7","3","12-20-20","","","120","Correcto "
"2025-11-23","12:16","Pecho","Press Polea Altura Baja","","8.7","3","10-10-10","","","120","Duro"
"2025-11-23","12:24","Hombros","Face Pulls Polea Cuerda","","36.2","3","16-16-14","","","120","Fuerte"
"2025-11-25","18:31","Espalda","Jalón Dorsal ex","","82.5","3","10-10-8","","","120","Duro"
"2025-11-25","18:44","Espalda","Remo Pecho","","80","3","15-14-14","","","120","Duro, poco descanso"
"2025-11-25","18:55","Espalda","Pull Over Polea","","26.2","3","20-20-20","","","120","Duro- rectifica Laura"
"2025-11-25","19:06","Hombros","Pec deck inverso Polea","","6.2","3","12-12-9","","","120","Duro"
"2025-11-25","19:20","Abdominales","Polea de rodillas","","36.2","3","30-30-30","","","120","Correcto bien ejecutado"
"2025-11-25","19:29","Bíceps","Curl Bíceps Polea ","","23.7","3","12-14-12","","","120","Correcto "
"2025-11-25","19:39","Bíceps","Curl Bíceps Polea Mango ---","","23.7","3","10-10-10","","","120","Correcto "
"2025-11-26","18:31","Piernas","Belt Squat Polea (Sentadilla Cinturón)","","23.7","4","16-16--16-16","","","120","Fuerte"
"2025-11-26","18:41","Piernas","Prensa de Piernas","","100","3","20-20-20","","","120","Correcto"
"2025-11-26","19:03","Piernas","Sentadilla Bulgara con Peso d/i","","14","3","12-10/12-12/10-10","","","120","Correcto, 2 mancuernas de 7k"
"2025-11-26","19:12","Piernas","Contracción de piernas tumbado","","42.5","3","14-12-10","","","120","Fuerte"
"2025-11-26","19:20","Piernas","Extensión de Piernas Sentado","","72.5","3","10-12-11","","","120","Duro"
"2025-11-26","19:31","Piernas","Elevaciones de Talones","","30","3","12-15-15","","","120","Correcto "
"2025-11-28","18:59","Pecho","Press Inclinado Smith ","","30","4","11-10-10-10","","","120","Fuerte"
"2025-11-28","19:12","Espalda","Jalón Dorsal in","","82.5","3","12-11-19","","","120","Duro"
"2025-11-28","19:24","Espalda","Remo Pecho","","82.5","3","12-12-10","","","120","Duro, poco descanso"
"2025-11-28","19:37","Hombros","Elevaciones Laterales","","3.7","3","12-12-12","","","60","Fuerte"
"2025-11-28","19:42","Hombros","Rotación Externa Unilaterales ","","6.2","3","12-12-12","","","60","Fuerte"
"2025-11-28","19:49","Tríceps","Polea Cuerda dos manos","","21.2","2","10-10","","","120","Fuerte"
"2025-11-30","11:27","Glúteos","Hip Thrust","","100","3","8-10-10","","","120","Duro"
"2025-11-30","11:41","Piernas","Peso Muerto Rumano","Barra","32","3","12-14-14","","45","120","Dos pesas de 16"
"2025-11-30","11:49","Piernas","Contracción de piernas tumbado","","40","3","12-12-12","","","120","Fuerte"
"2025-11-30","11:59","Piernas","Abduccion de caderas ex-in","","60","3","14-14-14","","","120","Fuerte, con suplemento "
"2025-11-30","12:05","Piernas","Sentadilla Bulgara con Peso d/i","","16","2","10-10/10-10","","","120","Correcto, 2 mancuernas de 8k"
"2025-12-02","18:31","Espalda","Jalón Dorsal in","","60","3","12-14","","","120","Bien"
"2025-12-02","18:37","Espalda","Jalón Dorsal in","","82.5","2","8-8","","","120","Duro"
"2025-12-02","18:46","Espalda","Remo Pecho","","80","3","12-12-12","","","120","Duro, poco descanso"
"2025-12-02","18:59","Bíceps","Curl Bíceps con Mancuernas ","","10","3","12-12-12","","","120","Correcto"
"2025-12-02","19:08","Tríceps","Polea Mango en V","","26.2","3","18-18-16","","","120","Fuerte"
"2025-12-02","19:22","Abdominales","Polea de rodillas","","38.7","3","30-30-30","","","120","Correcto bien ejecutado"
"2025-12-02","19:31","Espalda","Pull Over Polea","","23.7","3","12-14-14","","","120","Correcto "
"2025-12-03","18:49","Glúteos","Hip Thrust","Barra","100","3","10-10-10","9","133","2","Fuerte"
"2025-12-03","19:03","Piernas","Peso Muerto Rumano","Mancuernas","32","3","14-14-14","7","47","2","Dos pesas de 16"
"2025-12-03","19:14","Piernas","Contracción de piernas tumbado","Barra","40","3","14-13-12","9","59","2","Fuerte"
"2025-12-03","19:23","Piernas","Extensión de Piernas Sentado","Barra","72.5","3","12-10-10","9.5","102","2","Fuerte"
"2025-12-03","19:37","Piernas","Abduccion de caderas ex-in","Barra","60","3","14-14-14","7","88","2","Fuerte, con suplemento, mas costoso hacia el exterior"
"2025-12-03","19:52","Piernas","Sentadilla Bulgara con Peso d/i","Barra","16","2","10-10/10-10","9.5","21","2","Correcto, 2 mancuernas de 8k"
"2025-12-05","18:35","Espalda","Remo Pecho","Barra","80","3","14-12-12","8","117","2","Duro, poco descanso"
"2025-12-05","18:43","Espalda","Pull Over Polea","Barra","23.5","2","14-14","6","34","2","Correcto "
"2025-12-05","18:53","Espalda","Jalón Dorsal in","Barra","82.5","3","8-9-8","9.5","105","2","Duro"
"2025-12-05","18:56","Espalda","Pull Over Polea","Barra","23.5","2","14-14","7","34","2","Correcto "
"2025-12-05","19:15","Bíceps","Curl Bíceps con Mancuernas ","Barra","10","3","14-14-14","8","15","2","Correcto"
"2025-12-05","19:21","Tríceps","Polea Mango en V","Barra","26.5","3","16-16-12","7","41","2","Fuerte"
"2025-12-07","11:02","Piernas","Belt Squat Polea (Sentadilla Cinturón)","Barra","24.5","4","18-16-14--14","8","39","2","Fuerte"
"2025-12-07","11:21","Glúteos","Hip Thrust","Barra","100","3","10-10-10","9","133","2","Duro, hice 5 con 80 kg"
"2025-12-07","11:32","Piernas","Peso Muerto Rumano","Mancuernas","36","2","14-14","8","53","1","Dos pesas de 18"
"2025-12-07","11:43","Espalda","Remo Pecho Unilateral Dispar","Máquina","65","3","14-14-14","7","95","1","Correcto"
"2025-12-07","11:49","Espalda","Dominadas","Corporal","97","1","2","9","103","0",""
"2025-12-10","18:32","Espalda","Jalón Dorsal in","Barra","82.5","3","10-10-8","9.5","110","2","Duro"
"2025-12-10","18:46","Piernas","Prensa de Piernas","Barra","120","3","20-18-17","9","200","2","Correcto"
"2025-12-10","18:58","Espalda","Remo Pecho","Máquina","80","3","16-12-10","9","123","2","Duro"
"2025-12-10","19:10","Abdominales","Polea de rodillas","Barra","38.5","3","30-28-25","7","77","2","Correcto bien ejecutado"
"2025-12-10","19:25","Piernas","Abduccion de caderas ex-in","Máquina","60","3","14-14-14","8","88","2","Fuerte, con suplemento, mas costoso hacia el exterior"
"2025-12-10","19:34","Piernas","Extensión de Piernas Sentado","Máquina","72.5","3","12-11-10","9.5","102","2","Fuerte"
"2025-12-10","19:40","Piernas","Contracción de piernas tumbado","Máquina","40","2","14-12","8","59","2","Fuerte"
"2025-12-11","18:35","Espalda","Dominadas","Corporal","97","1","4","9","110","0",""
"2025-12-11","18:44","Espalda","Jalón Dorsal ex","Máquina","75","3","10-10-8","8","100","2","Duro"
"2025-12-11","18:55","Espalda","Remo Pecho Unilateral Dispar","Máquina","65","3","14-16-16","7","95","2","Correcto"
"2025-12-11","19:06","Espalda","Pull Over Polea","Polea","23.5","3","14-5-15","7","34","2","Correcto "
"2025-12-11","19:22","Glúteos","Hip Thrust","Barra","100","3","10-10-10","9","133","2","Duro"
"2025-12-11","19:33","Hombros","Face Pulls Polea Cuerda","Polea","36.5","3","16-16-14","8","56","2","Fuerte"
"2025-12-11","19:44","Piernas","Sentadilla Bulgara con Peso d/i","Mancuernas","16","2","10-10/10-10","9.5","21","2","Correcto, 2 mancuernas de 8k"
"2025-12-12","18:33","Espalda","Dominadas","Corporal","97","1","5","9","113","0","Fuerte"
"2025-12-12","18:43","Tríceps","Polea Mango en V","Polea","26.5","3","16-16-14","7","41","2","Fuerte"
"2025-12-12","18:54","Bíceps","Curl Bíceps con Mancuernas ","Mancuernas","12","3","12-11-9","9","17","2","Fuerte"
"2025-12-12","19:03","Piernas","Elevaciones de Talones Smith ","Máquina","40","3","14-14-15","7","59","1","Correcto "
"2025-12-12","19:14","Espalda","Jalón Dorsal in","Máquina","82.5","3","10-10-8","9.5","110","2","Duro"
"2025-12-26","18:31","Espalda","Remo Pecho","Máquina","80","3","12-12-9","8","112","2","Duro. Algo de dolor espalda al tirar"
"2025-12-26","18:40","Espalda","Jalón Dorsal in","Máquina","75","3","10-10-8","8","100","2","Duro"
"2025-12-26","18:47","Espalda","Jalón Dorsal ex agarres","Máquina","75","3","9-8","8","98","2","Duro"
"2025-12-26","19:00","Piernas","Prensa de Piernas","Barra","120","3","20-18-18","8","200","2","Correcto"
"2025-12-26","19:14","Pecho","Press Inclinado Smith ","Máquina","5","3","10-10-10","8","7","2","Fuerte"
"2025-12-26","19:23","Piernas","Extensión de Piernas Sentado","Máquina","65","3","14-12-12","10","95","2","Duro"
"2025-12-26","19:32","Piernas","Contracción de piernas tumbado","Máquina","35","3","12-12-12","7","49","2","Fuerte"
"2025-12-26","19:41","Espalda","Pull Over Polea","Polea","21.5","3","16-15--14","7","33","2","Correcto "
"2025-12-26","19:49","Tríceps","Polea Cuerda dos manos","Barra","21.5","3","10-10-8","8","29","2","Fuerte"
"2025-12-28","11:43","Pecho","Press Inclinado Mancuernas","Máquina","12","3","20-20","8","20","2","Fuerte, peso 6 y 6"
"2025-12-28","11:58","Glúteos","Hip Thrust","Multipower","80","3","10-10-10","9","107","2","Duro"
"2025-12-28","12:11","Hombros","Face Pulls Polea Cuerda","Polea","33.5","3","16-16-16","8","51","2","Duro"
"2025-12-28","12:46","Abdominales","Polea de rodillas Agarre v inverso","Polea","36.5","3","16-20-20","7","56","2","Correcto bien ejecutado"
"2025-12-30","18:32","Pecho","Press Banca Inclinado Mancuernas  - agarre neutro","Mancuernas","8","3","18-17-17","7","13","2","Fuerte. 8 y 8"
"2025-12-30","18:44","Piernas","Peso Muerto Rumano","Barra","24","3","18-17-17","8","38","2","Dos pesas de 12"
"2025-12-30","18:55","Espalda","Jalón Dorsal in","Máquina","75","3","12-11-9","9.5","105","2","Duro"
"2025-12-30","19:02","Espalda","Jalón Dorsal ex","Barra","60","3","10-10-10","9","80","2","Duro"
"2025-12-30","19:13","Espalda","Remo Pecho","Máquina","72.5","3","10-10-9","9","97","2","Duro. Algo de dolor espalda al tirar"
"2025-12-30","19:30","Espalda","Pull Over Polea","Polea","21.5","3","16-14--12","7","33","2","Correcto "
"2026-01-04","11:26","Glúteos","Hip Thrust","Multipower","80","3","12-11-10","9","112","2","Duro"
"2026-01-04","11:39","Espalda","Jalón Dorsal in","Máquina","75","3","14-11-10","9.5","110","2","Duro"
"2026-01-04","11:50","Espalda","Remo Pecho","Máquina","72.5","3","12-10-10","8","102","2","Duro"
"2026-01-04","12:01","Pecho","Press Polea Altura Hombros","Polea","8.5","3","14-16-15","8","12","2","Correcto "
"2026-01-04","12:10","Espalda","Pull Over Polea","Polea","21.5","3","18-16-14","7","34","2","Correcto "
"2026-01-04","12:17","Pecho","Press Polea Altura Cabeza","Polea","8.5","3","15-16-20","8","13","2","Correcto "
"2026-01-04","12:26","Bíceps","Curl Bíceps Martillo Polea Cuerda ","Polea","21.5","3","10-11-10","8","29","2","Correcto "
"2026-01-04","12:32","Tríceps","Polea Cuerda dos manos","Barra","21.5","3","12-10-9","9.5","30","2","Fuerte"
"2026-01-12","18:27","Pecho","Press Banca Inclinado Mancuernas  - agarre neutro","Mancuernas","6","3","20-22-20","7","10","2","Fuerte. 6 y 6 algún dolor lumbar"
"2026-01-12","18:37","Glúteos","Hip Thrust","Multipower","50","3","16-16-16","7","77","2","Duro"
"2026-01-12","18:44","Espalda","Remo Pecho","Máquina","60","1","12","8","84","0","Duro. Dolos lumbar izquierdo"
"2026-01-12","18:49","Espalda","Remo Pecho","Máquina","50","2","20-20","8","83","2","Duro. Sin dolor lumbar izquierdo"
"2026-01-12","18:59","Espalda","Jalón Dorsal in","Máquina","60","3","14-12-10","9.5","88","2","Duro. Ligero dolor izquierdo "
"2026-01-12","19:08","Piernas","Contracción de piernas tumbado","Máquina","35","3","14-12-10","7","51","2","Fuerte"
"2026-01-12","19:17","Piernas","Extensión de Piernas Sentado","Máquina","65","3","14-12-12","9.5","95","2","Duro"
"2026-01-12","19:26","Piernas","Sentadilla Bulgara con Peso d/i","Mancuernas","14","2","10-10","9.5","19","2","Duro, algo dolor lumbar, 2 mancuernas de 7k"
"2026-01-13","18:33","Bíceps","Curl Bíceps con Mancuernas ","Mancuernas","10","3","20-18-12","9.5","17","2","Fuerte"
"2026-01-13","18:44","Pecho","Press Polea Altura Hombros","Polea","8.7","3","20-20-20","8","14","2","Correcto "
"2026-01-13","18:53","Pecho","Press Polea Altura Cabeza","Polea","8.7","3","20-23-25","8","14","2","Correcto "
"2026-01-13","19:03","Tríceps","Polea Cuerda dos manos","Barra","21.2","3","15-12-10","9.5","32","2","Fuerte"
"2026-01-13","19:15","Abdominales","Polea de rodillas Agarre v inverso","Polea","36.2","3","25-25-23","7","66","2","Correcto bien ejecutado"
"2026-01-13","19:24","Hombros","Face Pulls Polea Cuerda","Polea","28.7","3","20-18-18","8","48","2","Duro"
"2026-01-13","19:30","Hombros","Face Pulls Polea Cuerda","Polea","26.2","2","12-12","8","37","2","Duro"
"2026-01-13","19:42","Hombros","Rotación Externa Unilaterales ","Barra","3.7","3","10-10-10","7","5","2","Correcto, dolor en derecho hacia interior"
"2026-01-14","18:37","Glúteos","Hip Thrust","Multipower","90","3","10-10-12","9","120","2","Duro. Algo dolor el cuellos drecho"
"2026-01-14","18:51","Espalda","Jalón Dorsal ex","Máquina","60","3","12-12-12","9.5","84","2","Duro."
"2026-01-14","19:01","Espalda","Remo Pecho","Máquina","55","3","17-13-11","9","86","2","Duro."
"2026-01-14","19:12","Bíceps","Curl Bíceps Martillo Polea Cuerda ","Polea","21.5","3","12-12-12","9","30","2","Correcto "
"2026-01-14","19:18","Tríceps","Polea Mango Dos Manos Cabeza Media altura","Barra","16.2","3","17-15-10","7","25","2","Correctoll"
"2026-01-14","19:28","Piernas","Abduccion de caderas ex-in","Máquina","52.5","3","19-18-18","8","86","2","Fuerte, con suplemento, mas costoso hacia el exterior"
"2026-01-16","18:22","Piernas","Abduccion de caderas ex-in","Máquina","52.5","3","16-18-18","8","81","2","Dos pesas de 12"
"2026-01-16","18:37","Piernas","Belt Squat Polea (Sentadilla Cinturón)","Barra","23.7","4","20-20-18-16","8","39","2","Correcto "
"2026-01-16","18:51","Espalda","Pull Over Polea","Polea","21.2","3","18-16-16","8","34","2","Correcto "
"2026-01-16","19:05","Bíceps","Curl Bíceps con Mancuernas Banco Recto","Mancuernas","10","3","18-16-10","9.5","16","2","Duro"
"2026-01-16","19:15","Pecho","Press Banca Inclinado Mancuernas  - agarre neutro","Mancuernas","8","3","18-18-16","7","13","2","Fuerte."
"2026-01-16","19:28","Piernas","Prensa de Piernas","Máquina","90","3","18-16-16","8","144","2","Correcto"
"2026-01-18","11:18","Espalda","Dominadas","Corporal","97","1","5","10","113","0","Fuerte"
"2026-01-18","11:25","Espalda","Jalón Dorsal in","Máquina","60","3","18-16-12","8","96","2","Duro."
"2026-01-18","11:35","Espalda","Jalón Dorsal ex","Máquina","60","3","12-9-8","9.5","84","2","Duro."
"2026-01-18","11:44","Pecho","Press Polea Altura Cabeza","Polea","8.7","3","20-20-23","8","14","2","Correcto "
"2026-01-18","11:53","Pecho","Press Polea Altura Hombros","Polea","11.2","3","14-12-12","8","16","2","Correcto "
"2026-01-18","12:07","Hombros","Rotación Externa Unilaterales ","Barra","3.7","3","15-15-15","7","6","2","Correcto, dolor menor en derecho hacia interior"
"2026-01-18","12:17","Hombros","Elevaciones Laterales","Polea","3.7","3","8-10-10","9.5","5","2","Dolor en brazo derecho "
"2026-01-18","12:25","Espalda","Remo Pecho","Máquina","55","3","20-15-14","9","92","2","Duro."
"2026-01-18","21:08","Piernas","Peso Muerto Rumano ","Mancuernas","12","2","16-16","8","18","2","Dos pesas de 12"
"2026-01-19","18:44","Espalda","Dominadas","Corporal","97","1","5","10","113","0","Fuerte"
"2026-01-19","18:56","Glúteos","Hip Thrust","Multipower","100","3","10-10-10","10","133","2","Duro."
"2026-01-19","19:07","Pecho","Press Banca Inclinado Mancuernas  - agarre neutro","Mancuernas","8","3","22-20-17","7","14","2","Fuerte."
"2026-01-19","19:17","Bíceps","Curl Bíceps con Mancuernas Banco Recto","Mancuernas","10","3","20-16-12","9.5","17","2","Duro"
"2026-01-19","19:28","Piernas","Peso Muerto Rumano ","Mancuernas","12","3","20-20-20","8","20","2","Dos pesas de 12"
"2026-01-19","19:37","Hombros","Face Pulls Polea Cuerda","Polea","26.2","2","20-20-20","8","44","2","Duro"
"2026-01-19","19:43","Tríceps","Polea Cuerda dos manos","Barra","21.2","3","14-10--8","9.5","31","1","Fuerte"
"2026-01-19","19:53","Piernas","Extensión de Piernas Sentado","Máquina","65","3","12-12-12","9.5","91","2","Duro"
"2026-01-19","19:58","Piernas","Sentadilla Bulgara con Peso d/i","Mancuernas","16","1","10","9.5","21","2","Duro, algo dolor lumbar, 2 mancuernas de 7k"
"2026-01-20","18:46","Espalda","Remo Pecho","Máquina","60","3","20-16-15","9","100","2","Duro."
"2026-01-20","18:56","Espalda","Jalón Dorsal in","Máquina","60","3","16-10-10","9","92","2","Duro."
"2026-01-20","19:04","Espalda","Jalón Dorsal ex","Máquina","60","3","10-10-10","9.5","80","2","Duro."
"2026-01-20","19:20","Piernas","Prensa de Piernas Pies Alto con Tacón ","Máquina","100","4","22-20-20-20","7","173","2","Correcto"
"2026-01-20","19:29","Pecho","Press Polea Altura Suelo","Polea","6.2","3","14-17","8","9","2","Correcto "
"2026-01-20","19:30","Pecho","Press Polea Altura Suelo","Polea","8.7","1","10","9","12","2","Correcto "
"2026-01-20","19:44","Espalda","Pull Over Polea","Polea","21.2","3","14-18-16","8","31","2","Correcto "
"2026-01-20","19:49","Tríceps","Polea Cuerda dos manos","Barra","21.2","3","12-10-9","9.5","30","2","Fuerte"
"2026-01-21","18:23","Espalda","Dominadas","Corporal","97","1","5","10","113","0","Fuerte"
"2026-01-21","18:32","Piernas","Contracción de piernas tumbado","Máquina","35","3","14-14-14","8","51","2","Fuerte"
"2026-01-21","18:44","Abdominales","Polea de rodillas Agarre v inverso","Polea","36.2","3","30-30-30","7","72","2","Correcto bien ejecutado"
"2026-01-21","18:57","Hombros","Rotación Externa Unilaterales ","Barra","4.7","3","14-14-14","9.5","7","2","Correcto"
"2026-01-21","19:09","Bíceps","Curl Bíceps con Mancuernas Banco Inclinado ","Mancuernas","10","3","12-12-12","9.5","14","2","Duro"
"2026-01-21","19:20","Tríceps","Patada de Tríceps","Mancuernas","12","3","8-7-8","8","15","2","Duro"
"2026-01-21","19:28","Hombros","Face Pulls Polea Cuerda","Polea","26.2","2","20-22-22","8","44","2","Duro"
"2026-01-21","19:38","Bíceps","Curl Bíceps Polea Mango ---","Barra","23.7","3","10-10-11","8","32","2","Correcto "
"2026-01-23","18:23","Espalda","Dominadas","Corporal","97","1","5","10","113","0","Fuerte"
"2026-01-23","18:32","Espalda","Jalón Dorsal in","Máquina","60","3","17-15-14","9","94","2","Duro."
"2026-01-23","18:40","Espalda","Jalón Dorsal ex","Máquina","60","3","10-11-10","9.5","80","2","Duro."
"2026-01-23","18:52","Glúteos","Hip Thrust","Multipower","80","3","12-12-14","10","112","2","Duro."
"2026-01-23","19:04","Pecho","Press Polea Altura Hombros","Polea","11.2","3","15-14-14","8","17","2","Correcto "
"2026-01-23","19:13","Pecho","Press Polea Altura Suelo","Polea","8.7","1","12-12-12","9","12","2","Correcto "
"2026-01-23","19:25","Pecho","Press Polea Altura Cabeza","Polea","9.7","3","18-18-18","8","16","2","Correcto "
"2026-01-23","19:38","Piernas","Sentadilla Bulgara con Peso d/i","Mancuernas","16","3","10-10-8","9.5","21","2","Duro"
"2026-01-23","19:50","Piernas","Peso Muerto Rumano ","Mancuernas","14","3","18-18-18","7","22","2","Dos pesas de 14"
"2026-01-25","11:09","Bíceps","Curl Bíceps con Mancuernas Banco Inclinado ","Mancuernas","10","3","14-13-13","9.5","15","2","Duro"
"2026-01-25","11:19","Bíceps","Curl Bíceps con Mancuernas Banco Inclinado Martillo","Mancuernas","10","3","14-12-13","9.5","15","2","Duro"
"2026-01-25","11:35","Bíceps","Curl en Predicador","Barra","10","3","10-8-10","9.5","13","2","Correcto "
"2026-01-25","11:48","Espalda","Remo Pecho","Máquina","60","3","20-18-13","9","100","2","Duro."
"2026-01-25","12:02","Hombros","Rotación Externa Unilaterales ","Polea","4.7","3","14-16-14","9.5","7","2","Correcto"
"2026-01-25","12:10","Tríceps","Polea Cuerda dos manos","Barra","21.2","3","15-12-10","9.5","32","2","Fuerte"
"2026-01-25","12:18","Hombros","Face Pulls Polea Cuerda","Polea","26.2","2","20-20-20","8","44","2","Duro"
"2026-01-27","18:27","Bíceps","Curl Bíceps con Mancuernas Banco Inclinado","Mancuernas","10","3","14-16-13","9.5","15","2","Duro"
"2026-01-27","18:36","Bíceps","Curl Bíceps con Mancuernas Banco Inclinado Martillo","Mancuernas","10","3","15-12-12","9.5","15","2","Duro"
"2026-01-27","18:47","Pecho","Press Banca Inclinado Mancuernas  - agarre neutro","Mancuernas","10","3","20-20-16","7","17","2","Fuerte."
"2026-01-27","18:58","Bíceps","Curl en Predicador","Barra","10","3","12-10-11","9.5","14","2","Correcto "
"2026-01-27","19:12","Espalda","Jalón Dorsal Agarre Neutro","Máquina","60","3","15-14-12","9.5","90","2","Duro."
"2026-01-27","19:21","Espalda","Jalón Dorsal ex","Máquina","60","3","12-12-9","9.5","84","2","Duro."
"2026-01-27","19:36","Pecho","Press Polea Altura Hombros","Polea","11.2","3","14-12-12","8","16","2","Correcto "
"2026-01-27","19:41","Hombros","Extensiones Laterales ","Polea","6.2","2","10-10","9","8","2",""
"2026-01-28","18:44","Abdominales","Cable Chop alto Unilaterales ","Polea","11.2","3","22-25-25","7","19","2","Correcto. Fuerte"
"2026-01-28","18:47","Espalda","Dominadas","Corporal","97","1","5","10","113","0","Fuerte"
"2026-01-28","19:02","Abdominales","Polea de rodillas Agarre v inverso","Polea","36.2","3","35-35-30","8","78","2","Correcto bien ejecutado"
"2026-01-28","19:14","Espalda","Remo Pecho","Máquina","65","3","14-12-10","9","95","2","Duro."
"2026-01-28","19:27","Glúteos","Hip Thrust","Multipower","80","3","12-12-12","9","112","2","Duro."
"2026-01-28","19:40","Bíceps","Curl Bíceps con Mancuernas Banco Inclinado","Mancuernas","10","3","9-10--11","9.5","13","2","Duro"
"2026-01-28","19:48","Pecho","Press Banca Inclinado Mancuernas  - agarre neutro","Mancuernas","12","3","15-14-14","8","18","2","Fuerte."
"2026-01-28","19:55","Bíceps","Curl Bíceps con Mancuernas Banco Inclinado Martillo","Mancuernas","10","2","20-15","9.5","17","2","Duro"
"2026-01-29","18:47","Piernas","Prensa de Piernas Pies Alto con Tacón ","Máquina","100","4","25-23-22-21","7","183","2","Correcto"
"2026-01-29","19:00","Piernas","Contracción de piernas tumbado","Máquina","35","3","17-14-14","9","55","2","Duro"
"2026-01-29","19:25","Piernas","Peso Muerto Rumano ","Mancuernas","14","3","19-18-17","9","23","2","Dos pesas de 14"
"2026-01-29","19:36","Hombros","Rotación Externa Unilaterales ","Barra","5.7","3","12-12-12","8","8","2","Correcto"
"2026-01-29","19:46","Abdominales","Cable Chop alto Unilaterales ","Polea","13.7","3","14-14-14","8","20","2","Correcto. Fuerte"
"2026-01-29","19:48","Espalda","Dominadas","Corporal","97","1","6","10","116","0","Fuerte"
"2026-01-30","18:39","Piernas","Extensión de Piernas Sentado","Máquina","65","3","16-13-12","9.5","100","2","Duro"
"2026-01-30","18:43","Espalda","Dominadas","Corporal","97","1","5","10","113","0","Fuerte"
"2026-01-30","18:55","Espalda","Remo Gironda","Polea","30","3","10-12-12","9","40","2","Duro"
"2026-01-30","19:04","Espalda","Jalón Dorsal Agarre Interior","Máquina","60","3","20-15-12","9.5","100","2","Duro."
"2026-01-30","19:13","Espalda","Pull Over Polea","Polea","21.2","3","16-16-14","8","33","2","Correcto "
"2026-01-30","19:21","Hombros","Extensiones Laterales Altura Hombros ","Polea","6.2","3","10-11-9","9","8","2","Duro"
"2026-01-30","19:33","Hombros","Face Pulls Polea Cuerda","Polea","26.2","2","20-20-20","8","44","2","Duro"
"2026-01-30","19:41","Tríceps","Polea Cuerda dos manos","Barra","21.2","3","16-12-10","9.5","33","2","Fuerte"
"2026-02-01","11:12","Pecho","Press Polea Altura Hombros","Polea","11.2","3","20-20-18","8","19","1","Correcto "
"2026-02-01","11:18","Pecho","Press Polea Altura Suelo","Polea","8.7","1","16-16-14","9","13","1","Correcto "
"2026-02-01","11:37","Piernas","Belt Squat Polea (Sentadilla Cinturón)","Barra","23.7","4","20-20-20-15","8","39","2","Correcto "
"2026-02-01","11:51","Glúteos","Hip Thrust","Multipower","80","3","14-12-12","9","117","2","Duro."
"2026-02-01","12:02","Bíceps","Curl Bíceps con Mancuernas Banco Inclinado","Mancuernas","10","3","14-12-10","9.5","15","1","Duro"
"2026-02-01","12:10","Bíceps","Curl Bíceps con Mancuernas Banco Inclinado Martillo","Mancuernas","10","3","12-11-10","9.5","14","1","Duro"
"2026-02-01","12:23","Tríceps","Polea Cuerda dos manos","Barra","21.2","3","16-14-12","9.5","33","2","Fuerte"
"2026-02-02","18:26","Espalda","Jalón Dorsal ex","Máquina","60","3","16-14-13","8","92","2","Duro."
"2026-02-02","18:33","Espalda","Jalón Dorsal Agarre Interior Neutro","Máquina","60","3","12-12-11","9.5","84","2","Duro."
"2026-02-02","18:45","Hombros","Extensiones Laterales Altura Hombros ","Polea","7.2","3","10-10-10","8","10","2","Duro"
"2026-02-02","18:55","Abdominales","Cable Chop alto Unilaterales ","Polea","16.2","3","16-14-14","8","25","2","Correcto. Duro"
"2026-02-02","19:08","Abdominales","Polea de rodillas Agarre v inverso","Polea","36.2","3","35-35-35","8","78","2","Correcto bien ejecutado"
"2026-02-02","19:21","Espalda","Pull Over Polea","Polea","21.2","3","14-14-16","9.5","31","2","Correcto "
"2026-02-02","19:32","Espalda","Remo Gironda","Polea","30","3","12-10-10","9","42","2","Duro"
"2026-02-02","19:45","Piernas","Extensión de Piernas Sentado","Máquina","65","3","10-10-10","9.5","87","2","Duro. Resentido por las Sentadillas en polea con peso"
"2026-02-03","18:41","Glúteos","Hip Thrust","Multipower","80","4","16-14-12-11","9","123","2","Duro."
"2026-02-03","18:46","Espalda","Dominadas","Corporal","97","1","5","10","113","0","Fuerte"
"2026-02-03","18:56","Espalda","Remo Pecho","Máquina","65","3","16-14-12","9","100","2","Duro."
"2026-02-03","19:08","Pecho","Press Banca Inclinado Mancuernas  - agarre neutro","Mancuernas","12","3","16-16-14","8","18","2","Fuerte."
"2026-02-03","19:18","Bíceps","Curl Bíceps con Mancuernas Banco Inclinado Martillo","Mancuernas","12","3","12-12-11","9.5","17","2","Duro"
"2026-02-03","19:25","Bíceps","Curl Bíceps con Mancuernas Banco Inclinado Martillo","Mancuernas","12","3","12-10-12","9.5","17","2","Duro"
"2026-02-03","19:33","Piernas","Peso Muerto Rumano ","Mancuernas","14","3","18-18-16","9","22","1","Dos pesas de 14"
"2026-02-03","19:43","Piernas","Sentadilla Bulgara con Peso d/i","Mancuernas","14","3","12-10","9.5","20","2","Duro"
"2026-02-05","18:38","Espalda","Dominadas","Corporal","97","1","5","10","113","0","Fuerte"
"2026-02-05","18:47","Hombros","Extensiones Laterales Altura Hombros ","Polea","7.2","3","10-10-10","8","10","2","Duro"
"2026-02-05","18:58","Abdominales","Cable Chop alto Unilaterales ","Polea","16.2","3","20-16-12","8","27","2","Correcto. Duro"
"2026-02-05","19:10","Espalda","Jalón Dorsal Agarre Interior Supino","Máquina","60","3","20-20-14","9.5","100","2","Duro."
"2026-02-05","19:19","Espalda","Jalón Dorsal Exterior","Máquina","60","3","12-10-10","8","84","2","Duro."
"2026-02-05","19:26","Espalda","Pull Over Polea","Polea","21.2","3","16-14","9.5","33","2","Correcto "
"2026-02-05","19:33","Pecho","Press Polea Altura Hombros","Polea","11.2","3","20-17-14","8","19","2","Correcto "
"2026-02-05","19:42","Pecho","Press Polea Altura Suelo","Polea","8.7","3","16-16-12","9","13","2","Correcto "
"2026-02-06","18:33","Espalda","Dominadas","Corporal","97","1","5","10","113","0","Fuerte"
"2026-02-06","18:44","Glúteos","Hip Thrust","Multipower","90","4","14-12-12-10","9","132","2","Duro."
"2026-02-06","18:56","Espalda","Remo Pecho","Máquina","65","3","18-16-12","9","104","2","Duro."
"2026-02-06","19:05","Tríceps","Polea Cuerda dos manos","Barra","21.2","3","20-12-10","9.5","35","2","Fuerte"
"2026-02-06","19:15","Espalda","Pull Over Polea","Polea","23.7","3","20-20-18","9.5","39","2","Correcto "
"2026-02-06","19:26","Piernas","Contracción de piernas tumbado","Máquina","35","3","16-14-12","9","54","2","Duro"
"2026-02-06","19:42","Abdominales","Polea de rodillas Agarre v inverso","Polea","36.2","3","35-35-35","8","78","2","Correcto bien ejecutado"
"2026-02-06","19:50","Hombros","Extensiones Laterales Altura Hombros ","Polea","6.2","3","10-10-10","8","8","2","Duro"
"2026-02-08","11:26","Espalda","Jalón Dorsal Agarre Interior Supino","Máquina","60","3","22-18-14","9.5","104","2","Duro."
"2026-02-08","11:35","Espalda","Jalón Dorsal Exterior","Máquina","60","3","12-10-10","8","84","2","Duro."
"2026-02-08","11:45","Hombros","Extensiones Laterales Altura Hombros ","Polea","8.2","3","10-10-10","8","11","2","Duro"
"2026-02-08","11:59","Abdominales","Cable Chop alto Unilaterales ","Polea","18.2","3","16-16-14","8","28","2","Correcto. Duro"
"2026-02-08","12:13","Piernas","Abduccion de caderas ex-in","Máquina","52.5","3","17-17-17","8","82","2","Dos pesas de 12"
"2026-02-08","12:27","Piernas","Extensión de Piernas Sentado","Máquina","65","3","14-12-12","9.5","95","2",""
"2026-02-09","18:29","Pecho","Press Banca Inclinado Mancuernas  - agarre neutro","Mancuernas","12","4","16-20-18-14","8","18","2","Fuerte."
"2026-02-09","18:39","Bíceps","Curl Bíceps con Mancuernas Banco Inclinado","Mancuernas","12","3","14-14-10","9.5","18","2","Duro"
"2026-02-09","18:51","Bíceps","Curl Bíceps con Mancuernas Banco Inclinado Martillo","Mancuernas","12","3","14-10-10","9.5","18","2","Duro"
"2026-02-09","19:16","Piernas","Elevaciones de Talones Smith ","Máquina","40","3","17-20-17","7","63","1","Correcto "
"2026-02-09","19:26","Tríceps","Polea Cuerda dos manos","Barra","21.2","3","15-12-12","9.5","32","2","Fuerte"
"2026-02-09","19:30","Espalda","Pull Over Polea","Polea","23.7","2","15-15","9.5","36","2","Correcto "
"2026-02-10","18:23","Espalda","Dominadas","Corporal","97","1","5","10","113","0","Fuerte"
"2026-02-10","18:31","Espalda","Jalón Dorsal Agarre Interior Supino","Máquina","60","3","22-17-14","9.5","104","2","Duro."
"2026-02-10","18:38","Espalda","Jalón Dorsal Exterior","Máquina","60","3","10-10-10","8","80","2","Duro."
"2026-02-10","18:54","Piernas","Prensa de Piernas","Máquina","100","4","25-20-20-20","8","183","2","Correcto"
"2026-02-10","19:07","Pecho","Press Polea Altura Hombros","Polea","12.2","3","18-17-16","8","20","2","Correcto "
"2026-02-10","19:16","Pecho","Press Polea Altura Suelo","Polea","8.7","3","15-15-14","9","13","2","Correcto "
"2026-02-10","19:26","Hombros","Extensiones Laterales Altura Hombros ","Polea","8.2","3","10-10-10","8","11","1","Duro"
"2026-02-10","19:58","Abdominales","Cable Chop alto Unilaterales ","Polea","18.2","2","16-16","8","28","2","Correcto. Duro"
"2026-02-12","18:34","Espalda","Dominadas","Corporal","97","1","6","10","116","0","Fuerte"
"2026-02-12","18:42","Espalda","Pull Over Polea","Polea","23.7","2","20-18-14","9.5","39","2","Correcto "
"2026-02-12","18:56","Pecho","Press Banca Inclinado Mancuernas  - agarre neutro","Mancuernas","12","4","20-20-16-12","8","20","2","Fuerte."
"2026-02-12","19:07","Bíceps","Curl Bíceps con Mancuernas Banco Inclinado","Mancuernas","12","3","14-14-12","9.5","18","2","Duro"
"2026-02-12","19:16","Bíceps","Curl Bíceps con Mancuernas Banco Inclinado Martillo","Mancuernas","12","3","14-12-12","9.5","18","2","Duro"
"2026-02-12","19:24","Pecho","Press Banca Inclinado 30 Mancuernas  - agarre neutro","Mancuernas","12","4","13-11-10","8","17","2","Fuerte."
"2026-02-12","19:39","Espalda","Remo Pecho","Máquina","65","3","20-16-12","9","108","2","Duro."
"2026-02-13","18:36","Espalda","Dominadas","Corporal","97","1","5","10","113","0","Fuerte"
"2026-02-13","18:47","Glúteos","Hip Thrust","Multipower","90","4","14-14-12-10","9","132","2","Duro."
"2026-02-13","19:00","Piernas","Elevaciones de Talones Smith ","Máquina","40","3","20-20-18","7","67","2","Fuerte"
"2026-02-13","19:18","Espalda","Jalón Dorsal Agarre Interior Supino","Máquina","60","3","14-16-14","9.5","88","2","Duro."
"2026-02-13","19:29","Espalda","Remo Gironda","Polea","30","3","12-10-10","9","42","2","Duro"
"2026-02-13","19:38","Espalda","Pull Over Polea","Polea","23.7","2","20-20-20","9.5","39","2","Correcto "
"2026-02-15","11:51","Hombros","Extensiones Laterales Altura Hombros ","Polea","8.2","3","10-10-10","8","11","2","Duro"
"2026-02-15","12:04","Abdominales","Cable Chop alto Unilaterales ","Polea","18.7","2","22-20-18","8","32","2","Correcto. Duro"
"2026-02-15","12:16","Pecho","Press Polea Altura Cabeza","Polea","11.2","3","20-20-20","8","19","2","Correcto "
"2026-02-15","12:26","Tríceps","Polea Cuerda dos manos","Barra","21.2","3","14-12-12","9.5","31","2","Fuerte"
"2026-02-15","12:33","Bíceps","Curl Bíceps Polea Mango ---","Polea","23.7","3","12-10","8","33","2","Correcto "
"2026-02-17","18:38","Glúteos","Hip Thrust","Multipower","90","4","15-14-14-12","9","135","2","Duro."
"2026-02-17","18:57","Pecho","Press Banca Inclinado Mancuernas  - agarre neutro","Mancuernas","10","4","20-22-20-16","8","17","2","Fuerte."
"2026-02-17","19:07","Pecho","Press Banca Inclinado 30 Mancuernas  - agarre neutro","Mancuernas","10","3","15-12-12","8","15","2","Fuerte."
"2026-02-17","19:16","Bíceps","Curl Bíceps con Mancuernas Banco Inclinado Martillo","Mancuernas","12","3","14-12-12","9.5","18","2","Duro"
"2026-02-17","19:26","Bíceps","Curl Bíceps con Mancuernas Banco Inclinado Martillo","Mancuernas","12","3","12-12-11","9.5","17","2","Duro"
"2026-02-17","20:01","Piernas","Peso Muerto Rumano ","Mancuernas","14","3","20-20-18","9","23","1","Dos pesas de 14"
"2026-02-18","18:36","Espalda","Dominadas","Corporal","97","1","6","10","116","0","Fuerte"
"2026-02-18","18:46","Hombros","Extensiones Laterales Altura Hombros ","Polea","8.7","3","10-10-10","8","12","2","Duro"
"2026-02-18","18:55","Tríceps","Polea Cuerda dos manos","Barra","21.2","3","16-14-12","9.5","33","2","Fuerte"
"2026-02-18","19:09","Abdominales","Polea de rodillas Agarre v inverso","Polea","36.2","3","35-35-","8","78","2","Correcto bien ejecutado"
"2026-02-18","19:19","Hombros","Abducciones Unilaterales Altura Hombros ","Polea","6.2","3","12-12-12","8","9","2","Duro"
"2026-02-18","19:28","Piernas","Contracción de piernas tumbado","Máquina","35","3","18-16-14","9","56","2","Duro"
"2026-02-18","19:39","Piernas","Abduccion de caderas ex-in","Máquina","52.5","3","20-20-20","8","87","2","Dos pesas de 12"
"2026-02-18","19:49","Piernas","Extensión de Piernas Sentado","Máquina","65","3","14-14-12","9.5","95","2",""
"2026-02-19","18:37","Espalda","Dominadas","Corporal","97","1","6","10","116","0","Fuerte"
"2026-02-19","18:49","Abdominales","Cable Chop alto Unilaterales ","Polea","21.2","3","16-18-15","9","33","2","Correcto. Duro"
"2026-02-19","19:03","Abdominales","Cable Chop Abdomen Unilaterales Altura Abdomen","Polea","13.7","3","18-16-16","9","22","2","Correcto. Duro"
"2026-02-19","19:28","Hombros","Elevaciones Laterales","Polea","3.7","3","10-12-12","9.5","5","2","Dolor en brazo derecho "
"2026-02-19","19:44","Piernas","Sentadilla Bulgara con Peso d/i","Mancuernas","14","3","10-9","9.5","19","2","Duro"
"2026-02-27","18:34","Glúteos","Hip Thrust","Multipower","90","4","15-14-14-12","9","135","2","Duro."
"2026-02-27","18:49","Espalda","Jalón Dorsal Agarre Interior Supino","Máquina","60","3","18-14-14","9.5","96","2","Duro."
"2026-02-27","19:03","Abdominales","Cable Chop alto Unilaterales ","Polea","21.2","3","18-16-14","9","34","2","Correcto. Duro"
"2026-02-27","19:18","Pecho","Press Polea Altura Hombros","Polea","11.2","3","14-14-10","8","16","2","Correcto "
"2026-02-27","19:28","Espalda","Remo Pecho","Máquina","65","3","12-","9","91","2","Duro."
"2026-03-01","11:22","Espalda","Remo Pecho","Máquina","65","3","18-16-12","9","104","2","Duro."
"2026-03-01","11:36","Piernas","Prensa de Piernas","Máquina","115","4","20-20-18-16","8","192","2","Correcto"
"2026-03-01","11:47","Espalda","Pull Over Polea","Polea","23.7","2","25-23-20","9.5","43","2","Correcto "
"2026-03-01","11:56","Tríceps","Polea Cuerda dos manos","Barra","21.2","3","16-12-8","9.5","33","2","Fuerte"
"2026-03-01","11:58","Espalda","Face Pulls Cuerda","Polea","21.2","2","25-23-20","9.5","39","2","Correcto "
"2026-03-01","12:07","Espalda","Pull Over Polea","Polea","23.7","2","18-14-16","9.5","38","2","Correcto "
"2026-03-02","18:29","Bíceps","Curl Bíceps con Mancuernas Banco Inclinado","Mancuernas","12","3","14-14-13","9.5","18","2","Duro"
"2026-03-02","18:38","Bíceps","Curl Bíceps con Mancuernas Banco Inclinado Martillo","Mancuernas","12","3","12-13-12","9.5","17","2","Duro"
"2026-03-02","18:47","Pecho","Press Banca Inclinado 30 Mancuernas  - agarre neutro","Mancuernas","10","3","20-18-14","8","17","2","Fuerte."
"2026-03-02","19:04","Abdominales","Polea de rodillas Agarre v inverso","Polea","36.2","3","35-35-35","8","78","2","Correcto bien ejecutado"
"2026-03-02","19:27","Tríceps","Polea Cuerda dos manos Trasnuca","Barra","16.2","3","14-14-14","9.5","24","2","Fuerte"
"2026-03-02","19:32","Tríceps","Polea angulo dos manos","Barra","23.7","2","16-16","9.5","36","2","Fuerte"
"2026-03-03","18:18","Espalda","Jalón Dorsal Agarre Interior Supino","Máquina","67.5","3","14-14-14","9.5","99","2","Duro."
"2026-03-03","18:28","Piernas","Peso Muerto Rumano ","Mancuernas","16","3","16-16-16","8","25","2","Dos pesas de 14"
"2026-03-03","18:43","Piernas","Prensa de Piernas","Máquina","110","4","22-20-20-20","8","191","2","Correcto"
"2026-03-03","19:05","Glúteos","Hip Thrust","Multipower","100","4","12-12-12-10","9","140","2","Duro."
"2026-03-03","19:16","Piernas","Extensión de Piernas Sentado","Máquina","65","3","14-13-9","9.5","95","2",""
"2026-03-03","19:28","Piernas","Abduccion de caderas ex-in","Máquina","60","3","18-16-16","8","96","2","Dos pesas de 12"
"2026-03-03","19:38","Piernas","Contracción de piernas tumbado","Máquina","35","3","14-12-12","9","51","2","Duro"
"2026-03-05","18:28","Bíceps","Curl Bíceps con Mancuernas Banco Inclinado","Mancuernas","12","3","15-14-12","9.5","18","2","Duro"
"2026-03-05","18:39","Bíceps","Curl Bíceps con Mancuernas Banco Inclinado Martillo","Mancuernas","12","3","14-12-12","9.5","18","2","Duro"
"2026-03-05","18:49","Pecho","Press Banca Inclinado 30 Mancuernas  - agarre neutro","Mancuernas","12","3","16-14-12","8","18","2","Fuerte."
"2026-03-05","18:57","Pecho","Press Banca Tumbado Mancuernas  - agarre neutro","Mancuernas","10","3","14-14-14","8","15","2","Fuerte."
"2026-03-05","19:18","Espalda","Remo Pecho","Máquina","65","3","16-14-12","9","100","2","Duro."
"2026-03-05","19:29","Espalda","Jalón Dorsal Agarre Exterior ","Máquina","60","3","14-12-10","9.5","88","2","Duro."
"2026-03-05","19:38","Espalda","Pull Over Polea","Polea","23.7","2","14-14-12","9.5","35","2","Correcto "
"2026-03-05","19:43","Espalda","Face Pulls Cuerda","Polea","21.2","2","25-25","9.5","39","2","Correcto "
"2026-03-09","18:35","Glúteos","Hip Thrust","Multipower","100","4","14-12-10-10","9","147","2","Duro."
"2026-03-09","18:50","Abdominales","Cable Chop alto Unilaterales ","Polea","21.2","3","20-16-14","9","35","2","Correcto. Duro"
"2026-03-09","19:02","Hombros","Abducciones Unilaterales Altura Hombros ","Polea","6.2","3","12-12-11","8","9","2","Duro"
"2026-03-09","19:12","Tríceps","Polea angulo dos manos","Barra","23.7","3","18-15-12","9.5","38","2","Fuerte"
"2026-03-09","19:26","Espalda","Remo Gironda","Polea","30","3","12-12-12","9","42","2","Duro"
"2026-03-10","18:39","Pecho","Press Banca Inclinado 30 Mancuernas  - agarre neutro","Mancuernas","12","3","18-16-15","8","19","2","Fuerte."
"2026-03-10","18:49","Bíceps","Curl Bíceps con Mancuernas Banco Inclinado Martillo","Mancuernas","12","3","16-12-10","9.5","18","2","Duro"
"2026-03-10","18:57","Pecho","Press Banca Tumbado Mancuernas  - agarre neutro","Mancuernas","10","3","19-20-19","8","16","2","Fuerte."
"2026-03-10","19:08","Bíceps","Curl Bíceps con Mancuernas Banco Inclinado Martillo","Mancuernas","12","3","18-15-14","9.5","19","2","Duro"
"2026-03-10","19:19","Piernas","Peso Muerto Rumano ","Mancuernas","16","3","20-18-18","8","27","2","Dos pesas de 16"
"2026-03-10","19:33","Abdominales","Polea de rodillas Agarre v inverso","Polea","38.7","3","25-30-30","8","71","2","Correcto bien ejecutado"
"2026-03-10","19:58","Espalda","Face Pulls Cuerda","Polea","23.7","2","22-20-20","9.5","41","2","Correcto "
"2026-03-12","18:31","Glúteos","Hip Thrust","Multipower","100","4","14-12-12-12","9","147","2","Duro."
"2026-03-12","18:49","Piernas","Prensa de Piernas","Máquina","130","4","17-16-15-15","8","204","2","Correcto"
"2026-03-12","19:03","Piernas","Extensión de Piernas Sentado","Máquina","65","3","14-12-10","9.5","95","2",""
"2026-03-12","19:13","Piernas","Contracción de piernas tumbado","Máquina","35","3","14-14-12","9","51","2","Duro"
"2026-03-12","19:27","Espalda","Jalón Dorsal Agarre Interior Supino","Máquina","67.5","3","15-12","9.5","101","2","Duro."
"2026-03-13","18:43","Abdominales","Cable Chop alto Unilaterales ","Polea","21.2","3","20-18-18","9","35","2","Correcto. Duro"
"2026-03-13","18:53","Pecho","Press Polea Altura Hombros","Polea","12.2","3","14-14-14","8","18","2","Correcto "
"2026-03-13","19:02","Pecho","Press Polea Altura Suelo","Polea","8.7","3","14-15-14","9","13","2","Correcto "
"2026-03-13","19:10","Piernas","Sentadilla Bulgara con Peso d/i","Mancuernas","16","3","10-9","9.5","21","2","Duro"
"2026-03-13","19:21","Tríceps","Polea angulo dos manos","Barra","23.7","3","18-18--14","9.5","38","2","Fuerte"
"2026-03-13","19:26","Espalda","Pull Over Polea","Polea","23.7","2","14-12","9.5","35","2","Correcto "
"2026-03-16","18:20","Piernas","Extensión de Piernas Sentado","Máquina","60","4","12-12-13-12","9.5","84","2","Reteniendo 2 segundos arriba bajada lenta"
"2026-03-16","18:34","Piernas","Contracción de piernas tumbado","Máquina","35","4","14-14-14-10","9","51","2","Lento arriba y abajo"
"2026-03-16","18:48","Piernas","Abduccion de caderas ex","Máquina","60","3","12-12-12","9","84","2","Haciendo lento y retención al final
"
"2026-03-16","18:56","Piernas","Abduccion de caderas in","Máquina","60","3","14-12-12","9","88","2","Haciendo lento y retención al final
"
"2026-03-16","19:09","Espalda","Remo Pecho","Máquina","60","3","16-16-14","9","92","2","Duro."
"2026-03-16","19:21","Piernas","Peso Muerto Rumano ","Mancuernas","14","3","18-18-18","8","22","2","Dos pesas de 16"
"2026-03-16","19:37","Tríceps","Patada de Tríceps","Mancuernas","12","2","12-12","8","17","2","Duro"
"2026-03-18","18:19","Piernas","Caminata lateral con banda elástica","Corporal","1","3","1-1-1","8","1","2","8 pasos en el tramo"
"2026-03-18","18:36","Piernas","Step-up lateral","Corporal","0","3","12-12-12","8","","2","Piernas izquierda floja"
"2026-03-18","18:50","Piernas","Sentadilla Bulgara con Peso d/i","Mancuernas","14","3","10-9-8","9.5","19","2","La izquierda muy debil"
"2026-03-18","19:03","Bíceps","Curl Bíceps con Mancuernas Banco Inclinado Martillo","Mancuernas","12","3","16-14-10","9.5","18","2","Subida y bajada lenta"
"2026-03-18","19:24","Pecho","Press Banca Inclinado 30 Mancuernas  - agarre neutro","Mancuernas","12","2","18-14","8","19","2","Fuerte."
"2026-03-18","19:36","Hombros","Abducciones Unilaterales Altura Hombros ","Polea","6.2","3","12-12-12","8","9","2","Duro"
"2026-03-20","18:21","Espalda","Jalón Dorsal Agarre Interior Supino","Máquina","67.5","3","14-14-12","9.5","99","2","Duro."
"2026-03-20","18:31","Espalda","Remo Gironda","Polea","30","3","14-12-12","9","44","2","Duro"
"2026-03-20","18:48","Glúteos","Hip Thrust","Multipower","100","4","12-10-10-10","9","140","2","Duro."
"2026-03-20","19:03","Piernas","Elevaciones de Talones Smith ","Máquina","40","3","20-20-20","7","67","2","Fuerte"
"2026-03-20","19:14","Hombros","Face Pulls Cuerda","Polea","26.2","2","22-20-18","9.5","45","2","Correcto "
"2026-03-20","19:26","Abdominales","Polea de rodillas Agarre v inverso","Polea","38.7","3","35-30-25","8","84","2","Correcto bien ejecutado"
"2026-03-20","19:38","Abdominales","Cable Chop alto Unilaterales ","Polea","21.2","3","17-14-10","9","33","2","Correcto. Duro"
"2026-03-22","11:25","Piernas","Extensión de Piernas Sentado","Máquina","60","4","14-14-13-13","9.5","88","2","Reteniendo 2 segundos arriba bajada lenta"
"2026-03-22","11:38","Piernas","Contracción de piernas tumbado","Máquina","35","4","16-14-12-12","9","54","2","Lento arriba y abajo"
"2026-03-22","11:48","Piernas","Abduccion de caderas ex","Máquina","60","3","14-12-12","9","88","2","Haciendo lento y retención al final
"
"2026-03-22","11:56","Piernas","Abduccion de caderas in","Máquina","60","3","16-14-14","9","92","2","Haciendo lento y retención al final
"
"2026-03-22","12:13","Piernas","Prensa de Piernas","Máquina","100","4","20-20-20-20","8","167","2","Correcto"
"2026-03-23","18:36","Bíceps","Curl Bíceps con Mancuernas Banco Inclinado","Mancuernas","12","3","18-14-12","9.5","19","2","Subida y bajada lenta"
"2026-03-23","18:45","Pecho","Press Banca Inclinado 30 Mancuernas  - agarre neutro","Mancuernas","12","3","16-14-12","8","18","2","Fuerte."
"2026-03-23","18:55","Bíceps","Curl Bíceps con Mancuernas Banco Inclinado Martillo","Mancuernas","12","3","16-15-14","9.5","18","2","Subida y bajada lenta"
"2026-03-23","19:04","Pecho","Press Banca Tumbado Mancuernas  - agarre neutro","Mancuernas","10","2","20-20-14 (12)","8","17","2","Fuerte."
"2026-03-23","19:16","Espalda","Remo Pecho","Máquina","60","3","20-18-14","9","100","2","Duro."
"2026-03-24","18:37","Piernas","Extensión de Piernas Sentado","Máquina","60","4","16-14-14-14","9.5","92","2","Reteniendo 2 segundos arriba bajada lenta"
"2026-03-24","18:49","Piernas","Contracción de piernas tumbado","Máquina","35","4","16-15-14-14","9","54","2","Lento arriba y abajo"
"2026-03-24","19:23","Piernas","Abduccion de caderas in","Máquina","60","3","16-14","9","92","2","Haciendo lento y retención al final
"
"2026-03-24","19:34","Piernas","Prensa de Piernas","Máquina","100","4","25-25-20-20","8","183","2","Correcto"
"2026-03-24","19:44","Espalda","Jalón Dorsal Agarre Interior Supino","Máquina","67.5","3","16-14-10","9.5","103","2","Duro."
"2026-03-26","18:38","Glúteos","Hip Thrust","Multipower","95","4","14-13-12-12","9","139","2","Duro."
"2026-03-26","18:52","Piernas","Elevaciones de Talones Smith ","Máquina","45","3","20-20-20","7","75","2","Fuerte"
"2026-03-26","19:03","Piernas","Peso Muerto Rumano ","Mancuernas","28","3","20-20-20","8","47","2","Dos pesas de 16"
"2026-03-26","19:17","Abdominales","Cable Chop alto Unilaterales ","Polea","21.2","3","18-18-18","9","34","2","Correcto. Duro"
"2026-03-26","19:28","Tríceps","Polea angulo dos manos","Barra","23.7","3","20-16-12","9.5","39","2","Fuerte"
"2026-03-26","19:38","Hombros","Face Pulls Cuerda","Polea","26.2","2","20-20-20","9.5","44","2","Correcto "
"2026-03-27","19:01","Piernas","Extensión de Piernas Sentado","Máquina","60","4","16-15-13-12","9.5","92","2","Reteniendo 2 segundos arriba bajada lenta"
"2026-03-27","19:18","Piernas","Prensa de Piernas","Máquina","110","4","25-23-22-22","8","202","2","Correcto"
"2026-03-27","19:32","Piernas","Contracción de piernas tumbado","Máquina","35","4","18-15-14-12","9","56","2","Lento arriba y abajo"
"2026-03-27","19:56","Piernas","Abduccion de caderas in","Máquina","60","3","16-14-12","9","92","2","Haciendo lento y retención al final
"
"2026-03-29","11:26","Piernas","Caminata lateral con banda elástica","Corporal","1","1","7/12","8","1","2","8 pasos en el tramo"
"2026-03-29","11:35","Abdominales","Plancha","Corporal","1","3","1,5-1,10-1","","1","2",""
"2026-03-29","11:49","Abdominales","Plancha Bilaterales","Corporal","1","3","0.20-0.20-0.20","10","1","1",""
"2026-03-29","12:03","Hombros","Extensiones Laterales Altura Hombros ","Polea","8.7","3","12-12-12","8","12","2","Duro"
"2026-03-29","12:12","Espalda","Jalón Dorsal Agarre Exterior ","Máquina","60","3","14-14-12","9.5","88","2","Duro."
"2026-03-29","12:22","Pecho","Press Polea Altura Hombros","Polea","12.2","3","16-16-14","8","19","2","Correcto "
"2026-03-30","18:38","Piernas","Extensión de Piernas Sentado","Máquina","65","4","16-15-14-13","9.5","100","2","Reteniendo 2 segundos arriba bajada lenta"
"2026-03-30","18:49","Piernas","Contracción de piernas tumbado","Máquina","40","3","12-12-11","9","56","2","Lento arriba y abajo"
"2026-03-30","18:59","Piernas","Abduccion de caderas in","Máquina","60","3","20-18-18","9","100","2","Haciendo lento y retención al final
"
"2026-03-30","19:13","Abdominales","Polea de rodillas Agarre v inverso","Polea","38.7","3","38-35-35","8","88","2","Correcto bien ejecutado"
"2026-03-30","19:22","Hombros","Abducciones Unilaterales Altura Hombros ","Polea","6.2","3","12-12-10","8","9","2","Duro"
"2026-03-30","19:35","Piernas","Sentadilla Bulgara con Peso d/i","Mancuernas","14","3","10-10-10","9.5","19","2","Correcto"
"2026-04-01","18:32","Glúteos","Hip Thrust","Multipower","110","3","12-12-12","10","154","2","Duro."
"2026-04-01","18:46","Piernas","Elevaciones de Talones Smith ","Máquina","50","3","20-20-20","9.5","83","2","Fuerte"
"2026-04-01","18:59","Bíceps","Curl Bíceps con Mancuernas Banco Recto","Mancuernas","12","3","16-14-12","9.5","18","2","Subida y bajada lenta"
"2026-04-01","19:10","Bíceps","Curl Bíceps con Mancuernas Banco Recto Martillo","Mancuernas","12","3","16-14-12","10","18","2","Subida y bajada lenta"
"2026-04-01","19:20","Tríceps","Polea angulo dos manos","Barra","23.7","3","20-18-15","9.5","39","2","Fuerte"
"2026-04-01","19:30","Espalda","Remo Pecho","Máquina","60","3","20-16-14","9","100","2","Duro."
"2026-04-03","10:48","Abdominales","Plancha","Corporal","95","3","1,5-1,10-1","","98","2",""
"2026-04-03","10:59","Abdominales","Plancha Bilaterales","Corporal","95","3","0.30-0,30-0,30","10","96","2","Bilaterales"
"2026-04-03","11:14","Pecho","Flexiones desde Rodilla","Corporal","95","3","14-16-15","10","139","2",""
"2026-04-03","11:23","Pecho","Flexiones desde Pies","Corporal","95","3","5-5-4","10","111","2",""
"2026-04-03","11:40","Piernas","Extensión de Piernas Sentado","Máquina","65","4","16-16-14-14","9.5","100","2","Reteniendo 2 segundos arriba bajada lenta"
"2026-04-03","11:48","Piernas","Contracción de piernas tumbado","Máquina","40","3","14-12-12","9","59","2","Lento arriba y abajo"
"2026-04-03","11:59","Abdominales","Cable Chop alto Unilaterales ","Polea","21.2","2","18-18","9","34","2","Correcto. Duro"
"2026-04-03","12:05","Piernas","Caminata lateral con banda elástica","Corporal","1","1","6/12","8","1","2","8 pasos en el tramo"
"2026-04-05","11:12","Pecho","Flexiones desde Pies","Corporal","95","3","7-8-8","10","117","2","Duro"
"2026-04-05","11:23","Abdominales","Plancha","Corporal","95","3","1,20-0,45-0,40","10","98","2","Poca resistencia tras flexiones "
"2026-04-05","11:36","Abdominales","Plancha Bilaterales","Corporal","95","3","0.40-0,30-0,30","10","96","2","Bilaterales"
"2026-04-05","11:49","Piernas","Escalón Lateral Unilaterales","Corporal","95","3","20-20-20","9","158","2","30 cm Altura Banco"
"2026-04-05","12:00","Bíceps","Curl Bíceps con Mancuernas Banco Inclinado Martillo","Mancuernas","12","3","17-14-10","10","19","2","Subida y bajada lenta"
"2026-04-05","12:08","Bíceps","Curl Bíceps con Mancuernas Banco Inclinado Martillo","Mancuernas","12","3","12-10-10","10","17","2","Subida y bajada lenta a la par"
"2026-04-07","18:30","Piernas","Extensión de Piernas Sentado","Máquina","65","4","16-16-1616","9.5","100","2","Reteniendo 2 segundos arriba bajada lenta"
"2026-04-07","18:50","Piernas","Contracción de piernas tumbado","Máquina","40","3","16-14-14","9","61","2","Lento arriba y abajo"
"2026-04-07","19:06","Piernas","Prensa de Piernas","Máquina","110","4","25-25-25-22","8","202","2","Correcto"
"2026-04-07","19:26","Piernas","Peso Muerto Rumano ","Mancuernas","28","3","20-20-20","8","47","2","Dos pesas de 16"
"2026-04-07","19:39","Piernas","Sentadilla Bulgara con Peso d/i","Mancuernas","16","3","10-10-10","9.5","21","2","Correcto"
"2026-04-08","18:35","Glúteos","Hip Thrust","Multipower","100","3","14-14-14","10","147","2","Duro."
"2026-04-08","18:57","Piernas","Elevaciones de Talones Smith ","Máquina","50","3","23-25-23","9.5","88","2","Fuerte"
"2026-04-08","19:04","Pecho","Flexiones desde Pies","Corporal","95","3","10-9-8","10","127","2","Duro"
"2026-04-08","19:15","Abdominales","Plancha","Corporal","95","3","1,30-1,00-0,45","10","98","2","Poca resistencia tras flexiones "
"2026-04-08","19:26","Abdominales","Plancha Bilaterales","Corporal","95","3","0.30-0,30-0,30","10","96","2","Bilaterales"
"2026-04-08","19:37","Piernas","Caminata lateral con banda elástica","Corporal","1","2","6/12-6-11","8","1","2","8 pasos en el tramo"
"2026-04-10","18:31","Piernas","Extensión de Piernas Sentado","Máquina","65","4","18-17-16-14","9.5","104","2","Reteniendo 2 segundos arriba bajada lenta"
"2026-04-10","18:50","Piernas","Contracción de piernas tumbado","Máquina","40","3","16-15-12","9","61","2","Lento arriba y abajo"
"2026-04-10","19:00","Bíceps","Curl Bíceps con Mancuernas Banco Inclinado","Mancuernas","12","3","15-14-10","10","18","2","Subida y bajada lenta"
"2026-04-10","19:08","Bíceps","Curl Bíceps con Mancuernas Banco Inclinado Martillo","Mancuernas","12","3","10-10-19","10","16","2","Subida y bajada lenta a la par"
"2026-04-10","19:19","Espalda","Jalón Dorsal Agarre Interior Supino","Máquina","67.5","3","16-12-10","9.5","103","2","Duro."
"2026-04-10","19:28","Espalda","Remo Pecho","Máquina","60","3","14-12-10","9","88","2","Duro."
"2026-04-10","19:36","Abdominales","Polea de rodillas Agarre v inverso","Polea","38.7","2","35-30","8","84","2","Correcto bien ejecutado"
"2026-04-12","11:06","Pecho","Flexiones desde Pies","Corporal","95","3","11-10-8","10","130","2","Duro"
"2026-04-12","11:18","Abdominales","Plancha","Corporal","95","3","1,30-1,20-1,00","10","98","2","Poca resistencia tras flexiones "
"2026-04-12","11:32","Abdominales","Plancha Bilaterales","Corporal","95","3","0.40-0,40-40","10","96","2","Bilaterales"
"2026-04-13","18:23","Piernas","Extensión de Piernas Sentado","Máquina","75","3","15-14-14","9.5","113","2","Reteniendo 2 segundos arriba bajada lenta"
"2026-04-13","18:33","Piernas","Contracción de piernas tumbado","Máquina","45","3","12-12-10","9","63","2","Lento arriba y abajo"
"2026-04-13","18:45","Hombros","Extensiones Laterales Altura Hombros ","Polea","8.7","3","10-10-10","8","12","2","Duro"
"2026-04-13","18:56","Piernas","Abduccion de caderas in","Máquina","63.7","3","18-18-15","9","102","2","Haciendo lento y retención al final
"
"2026-04-13","19:14","Piernas","Escalón Lateral Unilaterales","Corporal","95","3","16-20-20","9","146","2","30 cm Altura Banco"
"2026-04-13","19:14","Espalda","Dominadas","Corporal","95","1","5","10","111","0","Fuerte"
"2026-04-13","19:25","Piernas","Prensa de Piernas","Máquina","110","3","20-20-20","8","183","2","Correcto"
"2026-04-15","18:41","Glúteos","Hip Thrust","Multipower","110","3","12-13-12","10","154","2","Duro."
"2026-04-15","18:54","Piernas","Elevaciones de Talones Smith ","Máquina","50","3","20-20-20","7","83","2","Fuerte"
"2026-04-15","19:04","Abdominales","Cable Chop alto Unilaterales ","Polea","23.7","3","14-14-14","9","35","2","Correcto. Duro"
"2026-04-15","19:18","Hombros","Face Pulls Cuerda","Polea","28.7","3","20-20-19","9.5","48","2","Correcto "
"2026-04-15","19:25","Tríceps","Polea angulo dos manos","Barra","23.7","3","22-15-12","9.5","41","2","Fuerte"
"2026-04-15","19:38","Piernas","Sentadilla Bulgara con Peso d/i","Mancuernas","14","3","10-10-10","9.5","19","2","Correcto"
"2026-04-16","18:21","Pecho","Flexiones desde Pies","Corporal","95","3","12-11-9","10","133","2","Duro"
"2026-04-16","18:34","Abdominales","Plancha","Corporal","95","3","1,40-1,10-1,00","10","98","2","Poca resistencia tras flexiones "
"2026-04-16","18:49","Abdominales","Plancha Bilaterales","Corporal","95","3","0.45-0,40-0,40","10","96","2","Bilaterales"
"2026-04-16","19:03","Espalda","Remo Pecho","Máquina","70","3","14-13-12","9","103","2","Duro."
"2026-04-16","19:09","Espalda","Jalón Dorsal Agarre Interior Supino","Máquina","75","2","10-9","9.5","100","2","Duro."
"2026-04-16","19:10","Espalda","Jalón Dorsal Agarre Exterior ","Máquina","75","2","8-7","9.5","95","2","Duro."
"2026-04-16","19:13","Espalda","Jalón Dorsal Agarre Interior Supino","Máquina","75","2","10-8","9.5","100","2","Duro."
"2026-04-16","19:15","Espalda","Jalón Dorsal Agarre Exterior ","Máquina","75","2","8-8","9.5","95","2","Duro."
"2026-04-16","19:27","Bíceps","Curl Bíceps con Mancuernas Banco Inclinado","Mancuernas","14","3","8-8-7","10","18","2","Subida y bajada lenta"
"2026-04-16","19:42","Bíceps","Curl Bíceps con Mancuernas Banco Inclinado Martillo","Mancuernas","14","3","7-7-6","10","17","2","Subida y bajada lenta a la par"
"2026-04-17","18:34","Piernas","Extensión de Piernas Sentado","Máquina","80","3","14-14-12","9.5","117","2","Reteniendo 2 segundos arriba bajada lenta"
"2026-04-17","18:48","Piernas","Abduccion de caderas in","Máquina","63.7","3","20-20-18","9","106","2","Haciendo lento y retención al final
"
"2026-04-17","19:04","Piernas","Contracción de piernas tumbado","Máquina","45","3","14-12-11","9","66","2","Lento arriba y abajo"
"2026-04-17","19:20","Piernas","Caminata lateral con banda elástica","Corporal","1","3","6/10-6/10-6/10)","8","1","2","8 pasos en el tramo"
"2026-04-19","11:26","Pecho","Flexiones desde Pies","Corporal","94","3","14-10-8","10","138","2","Duro"
"2026-04-19","11:37","Abdominales","Plancha","Corporal","95","3","1,30-0,55-1,00","10","98","2","Poca resistencia tras flexiones "
"2026-04-19","11:52","Abdominales","Plancha Bilaterales","Corporal","95","3","0.50-0,40-0,35","10","97","2","Bilaterales"
"2026-04-19","12:04","Piernas","Escalón Lateral Unilaterales","Corporal","94","3","20-17-17","9","157","2","30 cm Altura Banco"
"2026-04-19","12:17","Abdominales","Polea de rodillas Agarre v inverso","Polea","38.7","3","40-35-30","8","90","2","Correcto bien ejecutado"
"2026-04-20","18:23","Glúteos","Hip Thrust","Multipower","110","3","14-14-13","10","161","2","Duro."
"2026-04-20","18:35","Piernas","Elevaciones de Talones Smith ","Máquina","60","3","20-20-20","7","100","2","Fuerte"
"2026-04-20","18:46","Bíceps","Curl Bíceps con Mancuernas Banco Inclinado","Mancuernas","14","3","10-10-8","10","19","2","Subida y bajada lenta"
"2026-04-20","18:56","Bíceps","Curl Bíceps con Mancuernas Banco Inclinado Martillo","Mancuernas","14","3","9-8-8","10","18","2","Subida y bajada lenta a la par"
"2026-04-20","19:08","Piernas","Prensa de Piernas","Máquina","120","3","20-20-19","8","200","2","Correcto"
"2026-04-20","19:26","Piernas","Extensión de Piernas Sentado","Máquina","80","3","14-11-10","9.5","117","2","Reteniendo 2 segundos arriba bajada lenta"
"2026-04-20","19:34","Espalda","Pull Over Polea","Polea","23.7","3","18-16-14","9.5","38","2","Correcto "
"2026-04-21","18:26","Pecho","Flexiones desde Pies","Corporal","94","3","12-11-9","10","132","2","Duro"
"2026-04-21","18:38","Abdominales","Plancha","Corporal","95","3","1,30-1,00-1,00","10","98","2","Poca resistencia tras flexiones "
"2026-04-21","18:47","Abdominales","Plancha Bilaterales","Corporal","95","2","0.50-0,40","10","97","2","Bilaterales"
"2026-04-21","19:05","Hombros","Extensiones Unilaterales Altura Hombros ","Polea","8.7","3","10-10-10","8","12","2","Duro"
"2026-04-21","19:13","Hombros","Face Pulls Cuerda","Polea","28.7","3","20-20-20","9.5","48","2","Correcto "
"2026-04-21","19:22","Tríceps","Polea angulo dos manos","Barra","23.7","3","20-18-16","9.5","39","2","Fuerte"
"2026-04-21","19:31","Espalda","Remo Pecho","Máquina","70","3","16-14 -12","9","107","2","Duro."
"2026-04-24","18:21","Piernas","Abduccion de caderas in","Máquina","63.7","3","20-20-20","9","106","2","Haciendo lento y retención al final
"
"2026-04-24","18:32","Piernas","Extensión de Piernas Sentado","Máquina","80","3","16-14-12","9.5","123","2","Reteniendo 2 segundos arriba bajada lenta"
"2026-04-24","18:42","Piernas","Contracción de piernas tumbado","Máquina","45","3","14-12-10","9","66","2","Lento arriba y abajo"
"2026-04-24","18:55","Bíceps","Curl Bíceps con Mancuernas Banco Inclinado","Mancuernas","14","3","12-10-9","10","20","2","Subida y bajada lenta"
"2026-04-24","19:04","Bíceps","Curl Bíceps con Mancuernas Banco Inclinado Martillo","Mancuernas","14","3","10-9-8","10","19","2","Subida y bajada lenta a la par"
"2026-04-24","19:16","Espalda","Pull Over Mancuernas ","Mancuernas","20","3","10-10-12","9.5","27","2","Correcto "
"2026-04-24","19:28","Piernas","Caminata lateral con banda elástica","Corporal","1","3","6/10-6/10-6/10","8","1","2","8 pasos en el tramo"
"2026-04-24","19:49","Piernas","Sentadilla Bulgara con Peso d/i","Mancuernas","14","3","10-10-10","9.5","19","2","Correcto"
"2026-04-26","11:24","Pecho","Flexiones desde Pies","Corporal","94","3","13-12-9","10","135","2","Duro"
"2026-04-26","11:39","Abdominales","Plancha","Corporal","95","3","1,50-1,10-1,05","10","98","2","Poca resistencia tras flexiones "
"2026-04-26","11:54","Abdominales","Plancha Bilaterales","Corporal","95","3","1,00-0,50-0,40","10","98","2","Bilaterales"
"2026-04-26","12:07","Hombros","Extensiones Unilaterales Altura Hombros ","Polea","8.7","3","10-10-10","8","12","2","Duro"
"2026-04-26","12:18","Abdominales","Cable Chop alto Unilaterales ","Polea","23.7","3","18-16-14","9","38","2","Correcto. Duro"
"2026-04-26","12:29","Espalda","Pull Over Mancuernas ","Mancuernas","20","3","10-10-10","9.5","27","2","Correcto "
"2026-04-27","18:28","Piernas","Prensa de Piernas","Máquina","130","3","22-21-20","9.5","225","2","Correcto"
"2026-04-27","18:40","Piernas","Extensión de Piernas Sentado","Máquina","85","3","14-13-11","10","125","2","Reteniendo 2 segundos arriba bajada lenta"
"2026-04-27","18:50","Piernas","Abduccion de caderas in","Máquina","67.5","3","20-17-10","9","112","2","Haciendo lento y retención al final
"
"2026-04-27","19:00","Piernas","Contracción de piernas tumbado","Máquina","45","3","15-13-10","9","68","2","Lento arriba y abajo"
"2026-04-27","19:13","Espalda","Remo Pecho","Máquina","70","3","18-16-12","9","112","2","Duro."
"2026-04-27","19:27","Abdominales","Polea de rodillas Agarre v inverso","Polea","38.7","3","40-40-36","8","90","2","Correcto bien ejecutado"
"2026-04-27","19:37","Tríceps","Polea angulo dos manos","Barra","23.7","3","18-15-15","9.5","38","2","Fuerte"
"2026-04-28","19:09","Glúteos","Hip Thrust","Multipower","110","3","14-14-13","10","161","2","Duro."
"2026-04-28","19:20","Piernas","Elevaciones de Talones Smith ","Máquina","50","3","25-25-23","7","92","2","Fuerte"
"2026-04-28","19:39","Bíceps","Curl Bíceps con Mancuernas Banco Inclinado","Mancuernas","14","3","14-12-10","10","21","2","Subida y bajada lenta"
"2026-04-28","19:47","Bíceps","Curl Bíceps con Mancuernas Banco Inclinado Martillo","Mancuernas","14","3","11-9-9","10","19","2","Subida y bajada lenta a la par"
"2026-04-28","20:04","Espalda","Pull Over Mancuernas ","Mancuernas","20","3","10-12-12","9.5","27","2","Correcto "
"2026-04-28","20:12","Piernas","Caminata lateral con banda elástica","Corporal","1","3","6/10-6/10-6/10","8","1","2","10 pasos en el tramo"
"2026-04-30","18:18","Pecho","Flexiones desde Pies","Corporal","94","3","13-10-8","10","135","2","Duro"
"2026-04-30","18:29","Abdominales","Plancha","Corporal","95","3","1,15-1,00-0,45","10","98","2","Poca resistencia tras flexiones "
"2026-04-30","18:43","Abdominales","Plancha Bilaterales","Corporal","95","3","0,40-0,40-0,40","10","","2","Bilaterales"
"2026-04-30","18:55","Espalda","Pull Over Polea","Polea","23.7","3","18-16-14","9.5","38","2","Correcto "
"2026-04-30","19:07","Piernas","Prensa de Piernas","Máquina","130","3","25-22-21","9.5","238","2","Correcto"
"2026-04-30","19:22","Piernas","Extensión de Piernas Sentado","Máquina","90","3","14-11-10","10","132","2","Reteniendo 2 segundos arriba bajada lenta"
"2026-04-30","19:29","Piernas","Contracción de piernas tumbado","Máquina","45","2","15-12","9","68","2","Lento arriba y abajo"
"2026-04-30","19:42","Piernas","Peso Muerto Rumano ","Mancuernas","28","2","20-20","8","47","2","Dos pesas de 16"
"2026-05-01","18:14","Espalda","Dominadas","Corporal","95","1","5","10","111","0","Fuerte"
"2026-05-01","18:18","Espalda","Jalón Dorsal Agarre Exterior ","Máquina","75","2","8-7","9.5","95","2","Duro."
"2026-05-01","18:25","Espalda","Jalón Dorsal Agarre Interior","Máquina","75","3","12-11-10","9.5","105","2","Duro."
"2026-05-01","18:33","Espalda","Jalón Dorsal Agarre Exterior ","Máquina","75","3","9-8-8","9.5","98","2","Duro."
"2026-05-01","18:46","Espalda","Remo Pecho","Máquina","70","3","16-12-10","9","107","2","Duro. Tras Jalón "
"2026-05-01","19:01","Espalda","Plancha Ecapular Codos","Corporal","94","3","16-16-15","9.5","144","2",""
"2026-05-01","19:09","Espalda","Plancha Ecapular","Corporal","94","3","16-16","9.5","144","2",""
"2026-05-01","19:22","Tríceps","Fondos Banco","Corporal","94","3","15-15-15","8","141","2","Correcto"
"2026-05-01","19:29","Pecho","Flexiones Inclinadas 75 cm","Corporal","94","3","12-12-12","9.5","132","2",""
"2026-05-01","19:37","Piernas","Caminata lateral con banda elástica","Corporal","1","2","6/10-6/10","8","1","2","10 pasos en el tramo"
"2026-05-04","18:23","Piernas","Prensa de Piernas","Máquina","140","3","22-20-21","9.5","243","2","Correcto"
"2026-05-04","18:32","Piernas","Elevaciones de Talones Prensa","Máquina","100","3","12-15-15","7","140","2","Fuerte"
"2026-05-04","18:52","Piernas","Extensión de Piernas Sentado","Máquina","90","3","14-9-10","10","132","2","Reteniendo 2 segundos arriba bajada lenta"
"2026-05-04","19:02","Bíceps","Curl Bíceps con Mancuernas Banco Inclinado","Mancuernas","16","3","9-9-8","10","21","2","Subida y bajada lenta"
"2026-05-04","19:11","Bíceps","Curl Bíceps con Mancuernas Banco Inclinado Martillo","Mancuernas","16","3","9-9-7","10","21","2","Subida y bajada lenta a la par"
"2026-05-04","19:21","Espalda","Pull Over Mancuernas ","Mancuernas","20","3","14-14-14","8","29","2","Correcto "
"2026-05-04","19:34","Espalda","Plancha Ecapular Codos","Corporal","94","3","16-16-16","9.5","144","2",""
"2026-05-04","19:42","Espalda","Plancha Ecapular","Corporal","94","3","16-16-16","9.5","144","2",""
"2026-05-05","18:34","Espalda","Remo Pecho","Máquina","70","3","16-14-12","9","107","2","Duro. Tras Jalón "
"2026-05-05","18:49","Glúteos","Hip Thrust","Multipower","110","3","14-14-14","10","161","2","Duro."
"2026-05-05","19:07","Espalda","Jalón Dorsal Agarre Interior","Máquina","75","3","12-12-11","9.5","105","2","Duro."
"2026-05-05","19:22","Espalda","Jalón Dorsal Agarre Exterior ","Máquina","75","3","9-9-7","9.5","98","2","Duro."
"2026-05-05","19:39","Abdominales","Polea de rodillas Agarre v inverso","Polea","38.7","3","42-41-42","8","93","2","Correcto bien ejecutado"
"2026-05-05","19:50","Hombros","Extensiones Unilaterales Altura Hombros ","Polea","8.7","3","10-10-10","8","12","2","Duro"
"2026-05-05","19:57","Tríceps","Fondos Banco","Corporal","94","3","16-16-12","8","144","1","Correcto"
"2026-05-08","18:29","Piernas","Prensa de Piernas","Máquina","140","3","23-23-21","9.5","247","2","Correcto"
"2026-05-08","18:51","Piernas","Extensión de Piernas Sentado","Máquina","90","3","14-10-9","10","132","2","Reteniendo 2 segundos arriba bajada lenta"
"2026-05-08","19:19","Piernas","Abduccion de caderas in","Máquina","67.5","3","18-14-10","9","108","1","Haciendo lento y retención al final
"
"2026-05-08","19:32","Pecho","Flexiones desde Pies","Corporal","94","3","14-10-10","10","138","2","Duro"
"2026-05-08","19:42","Bíceps","Curl Bíceps con Mancuernas Banco Inclinado","Mancuernas","16","3","10-9-8","10","21","2","Subida y bajada lenta"
"2026-05-08","19:47","Bíceps","Curl Bíceps con Mancuernas Banco Inclinado Martillo","Mancuernas","16","2","7-4","10","20","2","Subida y bajada lenta a la par"
"2026-05-08","19:55","Espalda","Pull Over Mancuernas ","Mancuernas","20","3","16-16-16","8","31","2","Correcto "
"2026-05-11","18:30","Tríceps","Polea angulo dos manos","Barra","23.7","3","20-20-18","9.5","39","2","Fuerte"
"2026-05-11","18:41","Hombros","Extensiones Unilaterales Altura Hombros ","Polea","8.7","3","12-12-12","8","12","2","Duro"
"2026-05-11","18:54","Hombros","Face Pulls Cuerda","Polea","31.2","3","22-20-18","9.5","54","2","Correcto "
"2026-05-11","19:04","Espalda","Jalón Dorsal Agarre Interior","Máquina","75","3","9-9-7","9.5","98","2","Duro."
"2026-05-11","19:16","Espalda","Remo Pecho","Máquina","70","3","16-14-12","9","107","2","Duro. Tras Jalón "
"2026-05-11","19:31","Piernas","Peso Muerto Rumano ","Mancuernas","28","2","20-20-20","8","47","1","Dos pesas de 16"
"2026-05-11","19:40","Piernas","Sentadilla Bulgara con Peso d/i","Mancuernas","14","3","10-10-13","9.5","19","2","Correcto"
"2026-05-13","18:30","Piernas","Abduccion de caderas in","Máquina","67.5","3","20-19-16","9","112","2","Haciendo lento y retención al final
"
"2026-05-13","18:42","Piernas","Extensión de Piernas Sentado","Máquina","90","3","15-13-10","10","135","2","Reteniendo 2 segundos arriba bajada lenta"
"2026-05-13","18:51","Piernas","Contracción de piernas tumbado","Máquina","45","2","14-12-10","9","66","2","Lento arriba y abajo"
"2026-05-13","18:59","Piernas","Prensa de Piernas","Máquina","140","3","25","9.5","257","2","Correcto"
"2026-05-13","19:08","Piernas","Prensa de Piernas","Máquina","150","3","17-16-16","9.5","235","2","Correcto"
"2026-05-13","19:13","Piernas","Elevaciones de Talones Prensa","Máquina","80","1","20","7","133","2","Fuerte"
"2026-05-13","19:24","Piernas","Elevaciones de Talones Prensa","Máquina","105","3","23-22-22","7","186","2","Fuerte"
"2026-05-13","19:33","Bíceps","Curl Bíceps con Mancuernas Banco Inclinado","Mancuernas","16","3","11-10-8","10","22","2","Subida y bajada lenta"
"2026-05-14","18:23","Pecho","Flexiones desde Pies","Corporal","94","3","15-12-10","10","141","2","Duro"
"2026-05-14","18:34","Espalda","Pull Over Polea","Polea","23.7","3","20-18-12","9.5","39","2","Correcto Matao"
"2026-05-14","18:47","Abdominales","Cable Chop alto Unilaterales ","Polea","23.7","3","18-18-18","9","38","2","Correcto. Duro"
"2026-05-14","18:57","Tríceps","Polea angulo dos manos","Barra","23.7","3","18-16-14","9.5","38","2","Fuerte"
"2026-05-14","19:14","Glúteos","Hip Thrust","Multipower","100","3","14-14-14","10","147","2","Duro."
"2026-05-14","19:26","Bíceps","Curl Bíceps con Mancuernas Banco Inclinado Martillo","Mancuernas","16","3","10-10-8","10","21","2","Subida y bajada lenta a la par"
"2026-05-15","18:21","Abdominales","Polea de rodillas Agarre v inverso","Polea","38.7","3","45-42-40","8","97","2","Correcto bien ejecutado"
"2026-05-15","18:32","Espalda","Jalón Dorsal Agarre Exterior ","Máquina","75","3","12-10-9","9.5","105","2","Duro."
"2026-05-15","18:42","Espalda","Remo Gironda","Polea","30","3","14-14-13","9","44","2","Duro"
"2026-05-15","18:56","Bíceps","Curl Bíceps con Mancuernas Banco Inclinado","Mancuernas","16","3","10-9-7","10","21","2","Subida y bajada lenta"
"2026-05-15","19:08","Espalda","Pull Over Mancuernas ","Mancuernas","20","3","20-16-16","8","33","2","Correcto "
"2026-05-15","19:26","Espalda","Plancha Ecapular","Corporal","92","3","20-18-18","9.5","153","2",""
"2026-05-15","19:35","Tríceps","Fondos Banco","Corporal","92","3","18-18-17","8","147","1","Correcto"
"2026-05-17","11:37","Piernas","Prensa de Piernas","Máquina","160","3","20-18-18","9.5","267","2","Correcto"
"2026-05-17","11:51","Piernas","Elevaciones de Talones Prensa","Máquina","105","3","25-25-25","7","193","2","Fuerte"
"2026-05-17","12:05","Piernas","Extensión de Piernas Sentado","Máquina","90","3","15-11-10","10","135","2","Reteniendo 2 segundos arriba bajada lenta. Tras prensa piernas"
"2026-05-17","12:15","Tríceps","Polea angulo dos manos","Barra","23.7","3","20-18-16","9.5","39","2","Fuerte"
"2026-05-17","12:23","Hombros","Face Pulls Cuerda","Polea","31.2","3","22-22-18","9.5","54","2","Correcto "
"2026-05-18","18:23","Hombros","Extensiones Unilaterales Altura Hombros ","Polea","8.7","3","14-14-14","8","13","2","Duro"
"2026-05-18","18:34","Bíceps","Curl Bíceps con Mancuernas Banco Inclinado","Mancuernas","16","3","12-10-9","10","22","2","Subida y bajada lenta"
"2026-05-18","18:44","Bíceps","Curl Bíceps con Mancuernas Banco Inclinado Martillo","Mancuernas","16","3","10-8-7","10","21","2","Subida y bajada lenta a la par"
"2026-05-18","18:55","Espalda","Pull Over Mancuernas ","Mancuernas","20","3","18-18-20","8","32","2","Correcto "
"2026-05-18","19:13","Piernas","Peso Muerto Rumano ","Mancuernas","32","3","20-20-20","8","53","2","Dos pesas de 16"
"2026-05-18","19:26","Piernas","Sentadilla Bulgara con Peso d/i","Mancuernas","14","3","12-10-10","9.5","20","2","Correcto"
"2026-05-20","18:34","Piernas","Prensa de Piernas","Máquina","180","3","18-17-17","9.5","288","2","Correcto"
"2026-05-20","18:43","Piernas","Elevaciones de Talones Prensa","Máquina","130","3","20-20-22","7","217","2","Fuerte"
"2026-05-20","18:56","Piernas","Contracción de piernas tumbado","Máquina","45","2","15-14-12","9","68","2","Lento arriba y abajo"
"2026-05-20","19:07","Piernas","Extensión de Piernas Sentado","Máquina","90","3","14-10--9","10","132","2","Reteniendo 2 segundos arriba bajada lenta. Tras prensa piernas 180 k"
"2026-05-20","19:19","Espalda","Jalón Dorsal Agarre Interior","Máquina","75","3","12-11-10","9.5","105","2","Duro."
"2026-05-20","19:29","Espalda","Remo Gironda","Polea","30","3","14-12-12","9","44","2","Duro"
"2026-05-20","19:39","Tríceps","Fondos Banco","Corporal","92","3","20-16-12","8","153","1","Correcto 50 cm"
"2026-05-22","18:30","Glúteos","Hip Thrust","Multipower","100","3","15-14-14","10","150","2","Duro."
"2026-05-22","18:46","Bíceps","Curl Bíceps con Mancuernas Banco Inclinado","Mancuernas","16","3","14-11-10","10","23","2","Subida y bajada lenta"
"2026-05-22","18:56","Bíceps","Curl Bíceps con Mancuernas Banco Inclinado Martillo","Mancuernas","16","3","10-9-9","10","21","2","Subida y bajada lenta a la par"
"2026-05-22","19:11","Espalda","Pull Over Mancuernas ","Mancuernas","22","3","20-18-18","8","37","2","Correcto "
"2026-05-22","19:26","Hombros","Extensiones Unilaterales Altura Hombros ","Polea","8.7","3","15-14-14","9","13","2","Duro"
"2026-05-22","19:38","Espalda","Remo Pecho","Máquina","70","3","17-16-13","9","110","2","Duro. Tras Jalón "
"2026-05-24","11:38","Espalda","Colgado Torsión Cintura","Corporal","93","4","20-22-26-26","7","155","2","Colgado iz derecho rodillas ángulo recto"
"2026-05-24","11:59","Espalda","Estiramiento Tumbado Lumbares Unilaterales","Corporal","93","4","12-15-15-15","7","130","2","Correcto"
"2026-05-24","12:14","Espalda","Flexiones Rodillas Pared","Corporal","93","4","12-15-15-15","9","130","2","Duro "
"2026-05-24","12:27","Tríceps","Fondos Banco","Corporal","92","3","18-18-16","8","147","2","Correcto 50 cm"
"2026-05-25","18:28","Piernas","Extensión de Piernas Sentado","Máquina","90","3","15-13-11","10","135","2","Reteniendo 2 segundos arriba bajada lenta."
"2026-05-25","18:40","Piernas","Prensa de Piernas","Máquina","180","3","20-20-18","9.5","300","2","Correcto"
"2026-05-25","18:51","Piernas","Elevaciones de Talones Prensa","Máquina","140","3","25-25-22","7","257","2","Fuerte"
"2026-05-25","19:07","Piernas","Abduccion de caderas in","Máquina","67.5","3","22-18-14","9","117","2","Haciendo lento y retención al final
"
"2026-05-25","19:21","Piernas","Contracción de piernas tumbado","Máquina","45","2","15-14-13","9","68","2","Lento arriba y abajo"
"2026-05-25","19:32","Abdominales","Polea de rodillas Agarre v inverso","Polea","38.7","3","45-45-43","8","97","2","Correcto bien ejecutado"
"2026-05-27","18:19","Tríceps","Polea angulo dos manos","Barra","23.7","3","22-20-17","9.5","41","2","Fuerte"
"2026-05-27","18:30","Abdominales","Cable Chop alto Unilaterales ","Polea","23.7","3","16-16-16","9","36","2","Correcto. Duro"
"2026-05-27","18:43","Bíceps","Curl Bíceps con Mancuernas Banco Inclinado","Mancuernas","16","3","15-11-9","10","24","2","Subida y bajada lenta"
"2026-05-27","19:10","Bíceps","Curl Bíceps con Mancuernas Banco Inclinado Martillo","Mancuernas","16","3","12-10-12","10","22","2","Subida y bajada lenta a la par"
"2026-05-27","19:26","Espalda","Pull Over Mancuernas ","Mancuernas","22","4","20-20-20-16","8","37","2","Correcto "
"2026-05-27","19:45","Glúteos","Hip Thrust","Multipower","100","3","14-14-14","10","147","2","Duro."
"2026-05-28","18:35","Espalda","Colgado Torsión Cintura","Corporal","93","4","30-31-34-32","7","186","2","Colgado iz derecho rodillas ángulo recto"
"2026-05-28","18:52","Espalda","Estiramiento Tumbado Lumbares Unilaterales","Corporal","93","4","14-16-16-16","7","136","1","Correcto"
"2026-05-28","19:05","Espalda","Flexiones Rodillas Pared","Corporal","93","4","18-18-14-11","9","149","2","Duro "
"2026-05-28","19:30","Piernas","Extensión de Piernas Sentado","Máquina","90","3","14-14-13","10","132","2","Reteniendo 2 segundos arriba bajada lenta."
"2026-05-29","18:31","Espalda","Jalón Dorsal Agarre Interior","Máquina","75","3","14-12-11","9.5","110","2","Duro."
"2026-05-29","18:41","Espalda","Jalón Dorsal Agarre Exterior ","Máquina","75","3","10-9-8","9.5","100","2","Duro."
"2026-05-29","18:52","Espalda","Remo Pecho","Máquina","70","3","17-14-12","9","110","2","Duro. Tras Jalón "
"2026-05-29","19:13","Piernas","Sentadilla Bulgara con Peso d/i","Mancuernas","14","3","14-12-11","9.5","21","2","Correcto"
"2026-05-29","19:25","Tríceps","Fondos Banco","Corporal","92","3","20-18-16","8","153","2","Correcto 50 cm"
"2026-05-31","11:13","Bíceps","Curl Bíceps con Mancuernas Banco Inclinado","Mancuernas","16","3","14-12-10","10","23","2","Subida y bajada lenta"
"2026-05-31","11:24","Bíceps","Curl Bíceps con Mancuernas Banco Inclinado Martillo","Mancuernas","16","3","12-9-8","10","22","2","Subida y bajada lenta a la par"
"2026-05-31","11:50","Espalda","Pull Over Mancuernas ","Mancuernas","24","4","16-16-16-15","9","37","2","Correcto "
"2026-05-31","11:58","Tríceps","Polea angulo dos manos","Barra","23.7","3","24-20-16","9.5","43","2","Fuerte"
"2026-05-31","12:37","Abdominales","Polea de rodillas Agarre v inverso","Polea","38.7","3","45-45-45","8","97","2","Correcto bien ejecutado"
"2026-06-01","18:35","Piernas","Prensa de Piernas","Máquina","180","3","22-22-20","9.5","312","2","Correcto"
"2026-06-01","18:49","Piernas","Elevación de Talones Prensa ","Máquina","140","3","27-27-26","7","266","2","Fuerte"
"2026-06-01","19:06","Piernas","Contracción de piernas tumbado","Máquina","40","3","15-15-15","9","60","2","Lento arriba y abajo"
"2026-06-01","19:18","Piernas","Extensión de Piernas Sentado","Máquina","90","3","15-13-12","10","135","2","Reteniendo 2 segundos arriba bajada lenta."
"2026-06-01","20:01","Piernas","Sentadilla Bulgara con Peso d/i","Mancuernas","14","3","12-13-12","9.5","20","2","Correcto"
"2026-06-03","18:36","Bíceps","Curl Bíceps con Mancuernas Banco Inclinado Unilaterales ","Mancuernas","16","3","14-14-13","10","23","2","Subida y bajada lenta"
"2026-06-03","18:57","Bíceps","Curl Bíceps con Mancuernas Banco Inclinado Martillo Unilaterales ","Mancuernas","16","3","12-10-9","10","22","2","Subida y bajada lenta a la par"
"2026-06-03","19:20","Glúteos","Hip Thrust ","Multipower","100","4","14-15-15-15","10","147","2","Duro."
"2026-06-03","19:28","Tríceps","Polea angulo dos manos","Barra","23.7","3","25-20-17","9.5","43","2","Fuerte"
"2026-06-03","19:31","Espalda","Jalón Dorsal Agarre Interior","Máquina","75","1","10","9.5","100","2","Duro."
"2026-06-05","18:18","Espalda","Jalón Dorsal Agarre Interior","Máquina","75","3","14-13-11","9.5","110","2","Duro."
"2026-06-05","18:28","Espalda","Remo Gironda","Polea","30","3","12-12-12","9","42","2","Duro"
"2026-06-05","18:41","Espalda","Jalón Dorsal Agarre Exterior ","Máquina","75","3","12-10-8","9.5","105","2","Duro."
"2026-06-05","18:56","Espalda","Pull Over Mancuernas ","Mancuernas","24","4","16-16-16-14","9","37","2","Correcto "
"2026-06-05","19:13","Hombros","Extensiones Unilaterales Altura Hombros ","Polea","8.7","3","12-12-12","9","12","2","Duro"
"2026-06-05","19:23","Hombros","Face Pulls Cuerda","Polea","31.2","3","20-20-18","9.5","52","2","Correcto "
"2026-06-07","11:16","Espalda","Colgado Torsión Cintura","Corporal","93","4","36-36-36-34","7","205","1","Colgado iz derecho rodillas ángulo recto"
"2026-06-07","11:30","Espalda","Estiramiento Tumbado Lumbares Unilaterales","Corporal","93","4","16-16-16-16","7","143","1","Correcto"
"2026-06-07","11:45","Espalda","Flexiones Rodillas Pared","Corporal","93","4","22-20-14-12","9","161","2","Duro "
"2026-06-07","12:02","Abdominales","Plancha Bilaterales","Corporal","95","3","0,50-0,50-0,50","10","","2","Bilaterales"
"2026-06-07","12:19","Funcional","Bird Dog","Corporal","93","3","15-15-15","7","140","1",""
"2026-06-07","12:53","Bíceps","Curl Bíceps con Mancuernas Banco Inclinado Unilaterales ","Mancuernas","16","2","10-10","10","21","2","Subida y bajada lenta"
"2026-06-08","18:23","Piernas","Extensión de Piernas Sentado","Máquina","90","3","15-13-11","10","135","2","Reteniendo 2 segundos arriba bajada lenta."
"2026-06-08","18:36","Piernas","Prensa de Piernas","Máquina","180","3","24-22-20","9.5","324","2","Correcto"
"2026-06-08","18:47","Piernas","Elevación de Talones Prensa ","Máquina","160","3","27-27-24","7","304","2","Fuerte"
"2026-06-08","19:09","Piernas","Abduccion de caderas in","Máquina","67.5","3","20-16-14","9","112","2","Haciendo lento y retención al final
"
"2026-06-08","19:20","Piernas","Caminata lateral con banda elástica","Corporal","1","3","6/10-6/10-6/10","8","1","2","10 pasos en el tramo"
"2026-06-08","20:01","Piernas","Sentadilla Bulgara con Peso d/i","Mancuernas","14","3","12-12-12","9.5","20","2","Correcto"
"2026-06-10","18:31","Bíceps","Curl Bíceps con Mancuernas Banco Inclinado Unilaterales ","Mancuernas","16","3","14-12-10","10","23","2","Subida y bajada lenta"
"2026-06-10","18:50","Bíceps","Curl Bíceps con Mancuernas Banco Inclinado Martillo Unilaterales ","Mancuernas","16","3","12-10-10","10","22","2","Subida y bajada lenta a la par"
"2026-06-10","19:05","Espalda","Pull Over Mancuernas ","Mancuernas","26","4","16-16-15-14","9","40","2","Correcto "
"2026-06-10","19:25","Abdominales","Polea de rodillas Agarre v inverso","Polea","41.2","3","40-40-40","8","96","2","Correcto bien ejecutado"
"2026-06-10","19:34","Espalda","Jalón Dorsal Agarre Interior Supino","Máquina","75","3","10-10-9","9.5","100","2","Duro."
"2026-06-10","20:01","Espalda","Jalón Dorsal Agarre Interior Supino","Máquina","75","3","12-10-9","9.5","105","2","Duro."
"2026-06-12","18:39","Espalda","Remo Pecho","Máquina","70","3","18-15-12","9","112","2","Duro. Tras Jalón "
"2026-06-12","18:53","Glúteos","Hip Thrust ","Multipower","110","3","14-14-13","10","161","2","Duro."
"2026-06-12","19:07","Espalda","Pull Over Polea","Polea","23.7","3","20-18-15","9.5","39","2","Correcto Matao"
"2026-06-12","19:20","Hombros","Extensiones Unilaterales Altura Hombros ","Polea","8.7","3","14-14-13","9","13","2","Duro"
"2026-06-12","19:31","Hombros","Face Pulls Cuerda","Polea","31.2","3","22-20-20","9.5","54","2","Correcto "
"2026-06-12","19:49","Piernas","Sentadilla Bulgara con Peso d/i","Mancuernas","18","2","10-10","9.5","24","2","Correcto"
"2026-06-14","11:30","Espalda","Colgado Torsión Cintura","Corporal","93","4","40-40-40-30","7","217","1","Colgado iz derecho rodillas ángulo recto"
"2026-06-14","11:46","Espalda","Estiramiento Tumbado Lumbares Unilaterales","Corporal","93","4","18-18-18-18","7","149","1","Correcto0"
"2026-06-14","12:02","Espalda","Flexiones Rodillas Pared","Corporal","92","3","22-20-12","9","159","2","Duro "
"2026-06-14","12:18","Abdominales","Plancha Bilaterales","Corporal","95","3","0,50-0,50-0,50","10","","2","Bilaterales"
"2026-06-14","12:26","Funcional","Bird Dog","Corporal","93","3","16-16-16","7","143","1",""
"2026-06-15","18:35","Bíceps","Curl Bíceps con Mancuernas Banco Inclinado Unilaterales ","Mancuernas","16","3","15-13-10","10","24","2","Subida y bajada lenta"
"2026-06-15","18:48","Piernas","Extensión de Piernas Sentado","Máquina","90","3","14-12-9","10","132","2","Reteniendo 2 segundos arriba bajada lenta."
"2026-06-15","18:59","Piernas","Abduccion de caderas in","Máquina","67.5","3","20-16-12","9","112","2","Haciendo lento y retención al final
"
"2026-06-15","19:08","Piernas","Contracción de piernas tumbado","Máquina","40","3","14-13-10","9","59","2","Lento arriba y abajo"
"2026-06-15","19:21","Espalda","Pull Over Mancuernas ","Mancuernas","26","4","16-16-16-14","9","40","2","Correcto "
"2026-06-15","19:52","Piernas","Sentadilla Bulgara con Peso d/i","Mancuernas","18","2","10-10","9.5","24","2","Correcto"
"2026-06-16","18:38","Espalda","Jalón Dorsal Agarre Exterior ","Máquina","45","6","18-20-20-20-20-20","9.5","72","2","Lentas buena técnica "
"2026-06-16","18:52","Espalda","Remo Pecho","Máquina","50","4","20-20-18-14","9","83","2","Duro. Tras Jalón "
"2026-06-16","19:16","Tríceps","Polea angulo dos manos","Barra","23.7","3","20-18-18","9.5","39","2","Lento"
"2026-06-16","19:30","Abdominales","Polea de rodillas Agarre v inverso","Polea","41.2","3","40-40-40","8","96","2","Correcto bien ejecutado"
"2026-06-18","18:37","Espalda","Jalón Dorsal Agarre Exterior ","Máquina","52.5","4","22-20-18-16","9.5","91","2","Lentas buena técnica "
"2026-06-18","18:51","Glúteos","Hip Thrust ","Multipower","100","3","14-14-14","10","147","2","Duro."
"2026-06-18","19:12","Espalda","Pull Over Mancuernas ","Mancuernas","24","4","16-16-16-16","9","37","2","Correcto "
"2026-06-18","19:31","Bíceps","Curl Bíceps con Mancuernas Banco Inclinado Martillo Unilaterales ","Mancuernas","16","1","11","10","22","2","Subida y bajada lenta a la par"
"2026-06-19","18:27","Piernas","Prensa de Piernas","Máquina","180","3","20-20-20","9.5","300","2","Correcto"
"2026-06-19","18:37","Piernas","Elevación de Talones Prensa ","Máquina","160","3","25-25-25","7","293","2","Fuerte"
"2026-06-19","18:53","Hombros","Extensiones Unilaterales Altura Hombros ","Polea","8.7","3","14-14-12","9","13","2","Duro"
"2026-06-19","19:01","Hombros","Face Pulls Cuerda","Polea","31.2","3","22-20-18","9.5","54","2","Correcto "
"2026-06-19","19:10","Tríceps","Polea angulo dos manos","Barra","26.2","3","18-18-14","9.5","42","2","Lento"
"2026-06-19","19:34","Piernas","Sentadilla Bulgara con Peso d/i","Mancuernas","18","2","10-10","9.5","24","2","Correcto"
"2026-06-22","18:16","Espalda","Remo Pecho","Máquina","50","4","22-21-19-16","9","87","2","Duro. Tras Jalón "
"2026-06-22","18:32","Espalda","Jalón Dorsal Agarre Exterior ","Máquina","52.5","4","22-18-16-16","9.5","91","2","Lentas buena técnica "
"2026-06-22","18:43","Espalda","Pull Over Polea","Polea","23.7","3","18-13-12","9.5","38","2","Correcto Matao"
"2026-06-22","18:52","Hombros","Face Pulls Cuerda","Polea","23.7","3","22-22-20","9.5","41","2","Correcto "
"2026-06-22","19:17","Bíceps","Curl Bíceps con Mancuernas Banco Inclinado Unilaterales ","Mancuernas","14","3","11-9-8","10","19","2","Subida y bajada lenta"
"2026-06-22","19:23","Bíceps","Curl Bíceps con Mancuernas Banco Inclinado Martillo Unilaterales ","Mancuernas","14","2","8-6","10","18","2","Subida y bajada lenta a la par"
"2026-06-22","19:35","Abdominales","Polea de rodillas Agarre v inverso","Polea","41.2","3","40-40-40","8","96","2","Correcto bien ejecutado"
"2026-06-23","18:33","Piernas","Prensa de Piernas","Máquina","180","3","21-20-20","9.5","306","2","Correcto"
"2026-06-23","18:41","Piernas","Elevación de Talones Prensa ","Máquina","160","3","25-25-25","7","293","1","Fuerte"
"2026-06-23","18:55","Piernas","Contracción de piernas tumbado","Máquina","40","3","15-12-10","9","60","2","Lento arriba y abajo"
"2026-06-23","19:11","Piernas","Extensión de Piernas Sentado","Máquina","80","3","12-11-10","10","112","2","Reteniendo 2 segundos arriba bajada lenta."
"2026-06-23","19:20","Glúteos","Hip Thrust ","Multipower","100","3","14-14-10","10","147","2","Duro."
"2026-06-23","19:58","Piernas","Sentadilla Bulgara con Peso d/i","Mancuernas","18","2","10-10","9.5","24","2","Correcto"
"2026-06-24","18:30","Espalda","Flexiones Rodillas Pared","Corporal","92","3","25-20-12","9","169","2","Duro "
"2026-06-24","18:44","Pecho","Press de Pecho Maquina ","Barra","35","3","15-16-16","8","53","2","Fuerte, dolor agudo hombro derecho "
"2026-06-24","19:03","Pecho","Press Inclinado Mancuernas","Máquina","12","3","16-16-14","8","18","2","Fuerte, peso 6 y 6"
"2026-06-24","19:19","Tríceps","Polea angulo dos manos","Barra","26.2","3","18-16-14","9.5","42","2","Lento"
"2026-06-24","19:33","Hombros","Face Pulls Cuerda","Polea","23.7","3","22-22-22","9.5","41","2","Correcto "
"2026-06-26","18:47","Espalda","Dominadas","Corporal","92","3","6-5-5","10","110","2","Fuerte"
"2026-06-26","18:55","Espalda","Jalón Dorsal Agarre Interior Supino","Máquina","75","3","8-9-8","9.5","95","2","Duro."
"2026-06-26","19:06","Espalda","Remo Pecho","Máquina","80","3","8-9-8","9","101","2","Duro. Tras Jalón "
"2026-06-26","19:16","Espalda","Pull Over Mancuernas ","Mancuernas","24","3","14-14-14","9","35","2","Correcto "
"2026-06-26","19:26","Bíceps","Curl Bíceps con Mancuernas Banco Inclinado Unilaterales ","Mancuernas","14","3","10-7-6","10","19","2","Subida y bajada lenta"
"2026-06-26","19:35","Bíceps","Curl Bíceps con Mancuernas Banco Inclinado Martillo Unilaterales ","Mancuernas","14","3","6-6-6","10","17","2","Subida y bajada lenta a la par"
"2026-06-26","19:43","Abdominales","Cable Chop alto Unilaterales ","Polea","23.7","2","16-16","9","36","2","Correcto. Duro"
"2026-06-29","18:16","Piernas","Contracción de piernas tumbado","Máquina","40","3","15-13-12","9","60","2","Lento arriba y abajo"
"2026-06-29","18:29","Piernas","Extensión de Piernas Sentado","Máquina","80","3","15-12-12","10","120","2","Reteniendo 2 segundos arriba bajada lenta."
"2026-06-29","18:39","Piernas","Abduccion de caderas in","Máquina","67.5","3","16-12-10","10","103","2","Punto 5. Haciendo lento y retención al final"
"2026-06-29","18:52","Piernas","Peso Muerto Rumano ","Mancuernas","32","3","20-20-20","8","53","2","Dos pesas de 16"
"2026-06-29","19:15","Glúteos","Hip Thrust ","Multipower","100","3","14-14-14","10","147","2","Duro."
"2026-06-29","19:33","Abdominales","Plancha Bilaterales","Corporal","95","3","0,50-0,50-0,50","10","","2","Bilaterales"
"2026-06-30","18:27","Espalda","Jalón Dorsal Agarre Exterior","Máquina","75","3","9-9-8","9.5","98","2","Lentas buena técnica "
"2026-06-30","18:35","Espalda","Jalón Dorsal Agarre Exterior Agarre V","Máquina","75","3","8-8-8","9.5","95","2","Lentas buena técnica "
"2026-06-30","18:45","Hombros","Face Pulls Cuerda","Polea","28.7","3","20-20-19","9.5","48","2","Correcto "
"2026-06-30","18:57","Bíceps","Curl Bíceps con Mancuernas Banco Inclinado Unilaterales ","Mancuernas","14","3","10-8-7","10","19","2","Subida y bajada lenta"
"2026-06-30","19:06","Bíceps","Curl Bíceps con Mancuernas Banco Inclinado Martillo Unilaterales ","Mancuernas","14","3","7-7-7","10","17","2","Subida y bajada lenta a la par"
"2026-06-30","19:16","Espalda","Remo Pecho","Máquina","80","3","10-9-8","9","107","2","Duro. Tras Jalón "
"2026-06-30","19:27","Abdominales","Polea de rodillas Agarre v inverso","Polea","41.2","3","40-40-40","8","96","2","Correcto bien ejecutado"
"2026-07-02","18:18","Piernas","Prensa de Piernas","Máquina","180","3","22-20-20","9.5","312","2","Correcto"
"2026-07-02","18:24","Piernas","Elevación de Talones Prensa ","Máquina","180","3","22-20-20","7","312","1","Fuerte"
"2026-07-02","18:38","Glúteos","Hip Thrust ","Multipower","100","3","15-14-14","10","150","2","Duro."
"2026-07-02","18:50","Piernas","Extensión de Piernas Sentado","Máquina","80","3","13-11-9","10","115","2","Reteniendo 2 segundos arriba bajada lenta."
"2026-07-02","19:00","Piernas","Contracción de piernas tumbado","Máquina","40","3","14-11-10","9","59","2","Lento arriba y abajo"
"2026-07-02","19:35","Piernas","Sentadilla Bulgara con Peso d/i","Mancuernas","18","2","10-10","9.5","24","2","Correcto"
"2026-07-03","18:34","Pecho","Press Inclinado Mancuernas","Máquina","32","3","12-12-12","8","45","2","Mancurnas 16/16"
"2026-07-03","18:44","Hombros","Elevaciones Laterales Mancuernas  Sentado","Corporal","6","3","10-10-10","8","8","1","Dos de 6 kg"
"2026-07-03","18:56","Espalda","Flexiones Rodillas Pared","Corporal","92","3","26-12-10","9","172","2","Duro "
"2026-07-03","19:09","Pecho","Press de Pecho Maquina ","Barra","35","3","16-15-15","9.5","54","2","Fuerte, dolor agudo hombro derecho "
"2026-07-03","19:22","Hombros","Face Pulls Cuerda","Polea","28.7","3","20-20-18","9.5","48","2","Correcto "
"2026-07-08","17:54","Tríceps","Polea angulo dos manos","Barra","26.2","2","16-14","9.5","40","2","Lento"
"2026-07-08","18:01","Espalda","Jalón Dorsal Agarre Exterior","Máquina","60","3","6-7-6","9.5","72","1","Lentas buena técnica "
"2026-07-08","18:09","Espalda","Jalón Dorsal Agarre Exterior","Máquina","90","3","6-6-5","9.5","108","2","Lentas buena técnica "
"2026-07-08","18:18","Espalda","Jalón Dorsal Agarre Interior Supino","Máquina","75","3","8-9-8","9.5","95","2","Duro."
"2026-07-08","18:28","Bíceps","Curl Bíceps con Mancuernas Banco Inclinado Unilaterales ","Mancuernas","14","3","9-8-7","10","18","2","Subida y bajada lenta"
"2026-07-08","18:36","Espalda","Remo Pecho","Máquina","80","3","11-9-8","9","109","2","Duro. Tras Jalón "
"2026-07-08","18:45","Espalda","Pull Over Mancuernas ","Mancuernas","24","3","16-16-16","9","37","2","Correcto "
"2026-07-08","19:15","Bíceps","Curl Bíceps con Mancuernas Banco Inclinado Martillo Unilaterales ","Mancuernas","14","3","8-8-8","10","18","2","Subida y bajada lenta"
"2026-07-08","19:35","Abdominales","Cable Chop alto Unilaterales ","Polea","23.7","2","12-12","9","33","2","Correcto. Duro"
"2026-07-09","18:25","Piernas","Contracción de piernas tumbado","Máquina","40","3","15-14-12","9","60","2","Lento arriba y abajo"
"2026-07-09","18:35","Piernas","Extensión de Piernas Sentado","Máquina","80","3","15-13-12","10","120","2","Reteniendo 2 segundos arriba bajada lenta."
"2026-07-09","19:03","Piernas","Abduccion de caderas in","Máquina","67.5","3","14-12-10","10","99","2","Punto 5. Haciendo lento y retención al final"
"2026-07-09","19:18","Glúteos","Hip Thrust ","Multipower","100","3","15-15-14","10","150","2","Duro."
"2026-07-09","19:32","Piernas","Peso Muerto Rumano ","Mancuernas","28","2","18-18","8","45","2","Dos pesas de 16"
"2026-07-10","18:12","Espalda","Remo Pecho","Máquina","80","3","10-10-8","9","107","2","Duro. Con Peso de acercamiento previo."
"2026-07-10","18:23","Espalda","Jalón Dorsal Agarre Interior Supino","Máquina","75","3","12-10-9","9.5","105","2","Duro."
"2026-07-10","18:34","Bíceps","Curl Bíceps con Mancuernas Banco Inclinado Unilaterales ","Mancuernas","14","3","8-8-6","10","18","2","Subida y bajada lenta"
"2026-07-10","18:43","Espalda","Pull Over Polea","Polea","23.7","3","20-14--12","9.5","39","2","Correcto Matao"
"2026-07-10","18:52","Hombros","Face Pulls Cuerda","Polea","28.7","3","20-20-21","9.5","48","2","Correcto "
"2026-07-10","19:06","Abdominales","Polea de rodillas Agarre v inverso","Polea","41.2","3","40-40-42","8","96","2","Correcto bien ejecutado"
"2026-07-13","18:20","Piernas","Prensa de Piernas","Máquina","180","3","24-21-20","9.5","324","2","Correcto"
"2026-07-13","18:26","Piernas","Elevación de Talones Prensa ","Máquina","180","3","24-22-20","7","324","1","Fuerte"
"2026-07-13","18:43","Glúteos","Hip Thrust ","Multipower","110","3","14-14-13","10","161","2","Duro."
"2026-07-13","19:02","Piernas","Extensión de Piernas Sentado","Máquina","80","3","14-12-10","10","117","2","Reteniendo 2 segundos arriba bajada lenta."
"2026-07-13","19:12","Piernas","Contracción de piernas tumbado","Máquina","40","3","12-12-10","9","56","2","Lento arriba y abajo"
"2026-07-13","19:24","Piernas","Sentadilla Bulgara con Peso d/i","Mancuernas","18","2","10-10","9.5","24","2","Correcto"
"2026-07-14","18:26","Pecho","Flexiones Rodillas Pared","Corporal","91","3","28-16-14","9","176","2","Duro "
"2026-07-14","18:42","Pecho","Press de Pecho Maquina ","Barra","35","3","16-16-15","9.5","54","2","Fuerte, dolor agudo hombro derecho "
"2026-07-14","18:53","Bíceps","Curl Bíceps con Mancuernas Banco Inclinado Martillo Unilaterales ","Mancuernas","14","3","9-8-7","10","18","2","Subida y bajada lenta"
"2026-07-14","19:02","Tríceps","Polea angulo dos manos","Barra","28.7","3","16-12--12","9.5","44","2","Lento"
"2026-07-14","19:11","Hombros","Face Pulls Cuerda","Polea","31.2","3","20-19-16","9.5","52","2","Correcto "
"2026-07-14","19:18","Hombros","Extensiones Unilaterales Altura Hombros ","Polea","8.7","2","12-12","9","12","2","Duro"
"2026-07-16","17:59","Espalda","Jalón Dorsal Agarre Exterior","Máquina","60","3","8-8-8","9.5","76","1","Lentas buena técnica "
"2026-07-16","18:07","Espalda","Jalón Dorsal Agarre Exterior","Máquina","90","3","5-5-4","9.5","105","2","Lentas buena técnica "
"2026-07-16","18:16","Espalda","Remo Pecho","Máquina","80","3","10-8-8","9","107","2","Duro. Con Peso de acercamiento previo."
"2026-07-16","18:26","Espalda","Pull Over Mancuernas ","Mancuernas","24","3","17-16-16","9","38","2","Correcto "
"2026-07-16","18:35","Bíceps","Curl Bíceps con Mancuernas Banco Inclinado Unilaterales ","Mancuernas","14","3","9-9-7","10","18","2","Subida y bajada lenta"
"2026-07-16","18:44","Bíceps","Curl Bíceps con Mancuernas Banco Inclinado Martillo Unilaterales ","Mancuernas","14","3","8-6-7","10","18","2","Subida y bajada lenta"
"2026-07-16","18:58","Abdominales","Cable Chop alto Unilaterales ","Polea","23.7","3","12-12-12","9","33","2","Correcto. Duro"
"2026-07-17","18:40","Piernas","Extensión de Piernas Sentado","Máquina","80","3","14-14-12","10","117","2","Reteniendo 2 segundos arriba bajada lenta."
"2026-07-17","18:51","Piernas","Contracción de piernas tumbado","Máquina","40","3","12-12-12","9","56","2","Lento arriba y abajo"
"2026-07-17","19:08","Glúteos","Hip Thrust ","Multipower","110","3","15-14-14","10","165","2","Duro."
"2026-07-17","19:20","Piernas","Peso Muerto Rumano ","Mancuernas","32","3","20-20-18","8","53","1","Dos pesas de 16"
"2026-07-20","18:07","Espalda","Jalón Dorsal Agarre Exterior","Máquina","60","3","8-8-8","9.5","76","1","Lentas buena técnica "
"2026-07-20","18:19","Espalda","Jalón Dorsal Agarre Interior Supino","Máquina","90","3","7-7-7","9.5","111","2","Duro."
"2026-07-20","18:29","Espalda","Remo Pecho","Máquina","80","3","11-9-8","9","109","2","Duro. Con Peso de acercamiento previo."
"2026-07-20","18:43","Bíceps","Curl Bíceps con Mancuernas Banco Inclinado Unilaterales ","Mancuernas","14","3","10-9-8","10","19","2","Subida y bajada lenta"
"2026-07-20","18:52","Bíceps","Curl Bíceps con Mancuernas Banco Inclinado Martillo Unilaterales ","Mancuernas","14","3","7-7-7","10","17","2","Subida y bajada lenta"
"2026-07-20","19:01","Espalda","Pull Over Polea","Polea","26.2","3","14--14-11","9.5","38","2","Correcto Matao"
"2026-07-20","19:12","Hombros","Face Pulls Cuerda","Polea","31.2","3","20-20-20","9.5","52","2","Correcto "
"2026-07-20","19:23","Abdominales","Polea de rodillas Agarre v inverso","Polea","41.2","2","40-40","8","96","2","Correcto bien ejecutado"
"2026-07-21","18:19","Piernas","Prensa de Piernas","Máquina","180","3","25-20-20","9.5","330","2","Pies abajo y anchos"
"2026-07-21","18:26","Piernas","Elevación de Talones Prensa ","Máquina","180","3","25-25-22","7","330","1","Fuerte"
"2026-07-21","18:36","Piernas","Extensión de Piernas Sentado","Máquina","80","3","15-12-10","10","120","2","Respaldo Atrás. Reteniendo 2 segundos arriba bajada lenta."
"2026-07-21","18:46","Piernas","Contracción de piernas tumbado","Máquina","40","3","12-12-12","9","56","2","Lento arriba y abajo"
"2026-07-21","19:00","Glúteos","Hip Thrust ","Multipower","110","3","15-15-14","10","165","2","Duro."
"2026-07-21","19:18","Piernas","Sentadilla Bulgara con Peso d/i","Mancuernas","20","2","10-8","9.5","27","2","Correcto"
"2026-07-23","18:10","Pecho","Flexiones Rodillas Pared","Corporal","91","3","30-18-12","9","182","2","Duro "
"2026-07-23","18:24","Pecho","Press Inclinado Mancuernas","Máquina","32","3","12-11-8","8","45","2","Mancurnas 16/16"
"2026-07-23","18:34","Hombros","Elevaciones Laterales Mancuernas  Sentado","Corporal","6","3","12-12-11","8","8","1","Dos de 6 kg"
"2026-07-23","18:49","Hombros","Face Pulls Cuerda","Polea","31.2","3","22-20-18","9.5","54","2","Correcto "
"2026-07-23","18:59","Tríceps","Polea angulo dos manos","Barra","28.7","3","17-14--12","9.5","45","2","Lento"
"2026-07-23","19:06","Hombros","Extensiones Unilaterales Altura Hombros ","Polea","8.7","2","12-12","9","12","2","Duro"
"2026-07-23","19:13","Pecho","Press de Pecho Maquina ","Barra","35","3","16-14-8","9.5","54","2","Fuerte, dolor agudo hombro derecho "
"2026-07-24","18:06","Espalda","Jalón Dorsal Agarre Exterior","Máquina","60","3","9-9-9","9.5","78","1","Lentas buena técnica "
"2026-07-24","18:14","Espalda","Jalón Dorsal Agarre Interior Supino","Máquina","90","3","8-7-7","9.5","114","2","Duro."
"2026-07-24","18:26","Bíceps","Curl Bíceps con Mancuernas Banco Inclinado Unilaterales ","Mancuernas","14","3","10-9-8","10","19","2","Subida y bajada lenta"
"2026-07-24","18:37","Espalda","Pull Over Mancuernas ","Mancuernas","24","3","16-16-16","9","37","2","Correcto "
"2026-07-24","18:45","Bíceps","Curl Bíceps con Mancuernas Banco Inclinado Martillo Unilaterales ","Mancuernas","14","3","11-10-8","10","19","2","Subida y bajada lenta"
"2026-07-24","19:05","Espalda","Remo Pecho","Máquina","80","3","10-10-10","9","107","2","Duro. Con Peso de acercamiento previo."
"2026-07-24","19:15","Abdominales","Cable Chop alto Unilaterales ","Polea","18.7","3","15--15--15","9","28","2","Correcto. Duro"
"2026-07-27","18:03","Piernas","Contracción de piernas tumbado","Máquina","40","3","12-12-12","9","56","2","Lento arriba y abajo"
"2026-07-27","18:11","Piernas","Abduccion de caderas in","Máquina","67.5","3","13-10-9","10","97","2","Punto 5. Haciendo lento y retención al final"
"2026-07-27","18:25","Glúteos","Hip Thrust ","Multipower","110","3","15-15-15","10","165","2","Duro."
"2026-07-27","18:36","Espalda","Jalón Dorsal Agarre Exterior","Máquina","60","3","12-12-10","9.5","84","2","Lentas buena técnica "
"2026-07-27","18:49","Piernas","Peso Muerto Rumano ","Mancuernas","36","3","18-18-16","8","58","1","Dos pesas de 18"
"2026-07-28","18:22","Espalda","Jalón Dorsal Agarre Exterior","Máquina","60","3","10-10-10","9.5","80","2","Lentas buena técnica "
"2026-07-28","18:31","Espalda","Jalón Dorsal Agarre Interior Supino","Máquina","90","3","8-7-6","9.5","114","2","Duro."
"2026-07-28","18:43","Bíceps","Curl Bíceps con Mancuernas Banco Inclinado Unilaterales ","Mancuernas","14","3","10-8-7","10","19","2","Subida y bajada lenta"
"2026-07-28","18:52","Bíceps","Curl Bíceps con Mancuernas Banco Inclinado Martillo Unilaterales ","Mancuernas","14","3","7-7-7","10","17","2","Subida y bajada lenta"
"2026-07-28","19:07","Espalda","Pull Over Polea","Polea","18.7","3","14--16-16","9.5","27","1","Correcto Matao"
"2026-07-28","19:10","Espalda","Pull Over Polea Codo Unilaterales","Polea","18.7","3","14--16-16","9.5","27","1","Correcto Matao"
"2026-07-28","19:17","Espalda","Remo Pecho","Máquina","80","3","10-9-8","9","107","2","Duro. Con Peso de acercamiento previo."
"2026-07-28","19:26","Hombros","Face Pulls Cuerda","Polea","31.2","3","20-15-15","9.5","52","2","Correcto "
"2026-07-28","19:39","Abdominales","Polea de rodillas Agarre v inverso","Polea","41.2","3","40-40-40","8","96","2","Correcto bien ejecutado"
"2026-07-30","18:01","Piernas","Prensa de Piernas","Máquina","180","3","15-16-18","9.5","270","2","Pies abajo y anchos"
"2026-07-30","18:09","Piernas","Elevación de Talones Prensa ","Máquina","180","3","26-25-24","7","336","1","Fuerte"
"2026-07-30","18:21","Hombros","Elevaciones Laterales Polea","Polea","4.7","3","10-10-10","9.5","6","2","Correcto "
"2026-07-30","18:31","Piernas","Contracción de piernas tumbado","Máquina","40","3","12-12-12","9","56","2","Lento arriba y abajo"
"2026-07-30","18:39","Piernas","Extensión de Piernas Sentado","Máquina","80","3","12-12-11","9.5","112","2","Respaldo Atrás. Reteniendo 2 segundos arriba bajada lenta."
"2026-07-30","18:48","Piernas","Sentadilla Bulgara con Peso d/i","Mancuernas","20","2","10-10","9.5","27","2","Correcto"
"2026-07-30","18:59","Glúteos","Hip Thrust ","Multipower","120","3","14-12-10","10","176","2","Duro."
"2026-07-30","19:10","Tríceps","Fondos Banco","Corporal","92","2","15-15","8","138","2","Correcto 50 cm"
"2026-07-31","18:21","Pecho","Flexiones Rodillas Pared","Corporal","91","3","26-15-12","9","170","2","Duro "
"2026-07-31","18:32","Pecho","Press Inclinado Mancuernas","Máquina","32","3","10-9-7","8","43","2","Mancurnas 16/16"
"2026-07-31","18:42","Hombros","Elevaciones Laterales Polea","Polea","4.7","3","12-11-10","9.5","7","2","Correcto "
"2026-07-31","18:49","Tríceps","Polea angulo dos manos","Barra","28.7","3","17-14-10","9.5","45","2","Lento"
"2026-07-31","19:01","Pecho","Press de Pecho Maquina ","Barra","35","3","18-16-12","9.5","56","2","Fuerte, dolor agudo hombro derecho "
"2026-07-31","19:14","Hombros","Face Pulls Cuerda","Polea","31.2","3","21-20-18","9.5","53","2","Correcto "
"2026-07-31","19:21","Hombros","Extensiones Unilaterales Altura Hombros ","Polea","8.7","2","12-12","9","12","2","Duro"